{"autopublicacoes":[{"codigo":"7000403","titulo":"AVISO DE DISPENSA DE LICITA\u00c7\u00c3O N\u00b0 0074\/2025","data":"2025-03-02 15:05:09","cod_registro_info_sfinge":null,"municipio":"Xaxim","entidade":"Prefeitura municipal de Xaxim","categoria":"Licita\u00e7\u00f5es","link":"https:\/\/www.diariomunicipal.sc.gov.br\/?q=id:7000403","texto":"<html xmlns=\"http:\/\/www.w3.org\/1999\/xhtml\">\n\n    <head>\n\n        <meta name=\"cp:revision\" content=\"25\"\/>\n\n        <meta name=\"extended-properties:AppVersion\" content=\"16.0000\"\/>\n\n        <meta name=\"meta:paragraph-count\" content=\"1\"\/>\n\n        <meta name=\"meta:word-count\" content=\"79\"\/>\n\n        <meta name=\"extended-properties:Application\" content=\"Microsoft Office Word\"\/>\n\n        <meta name=\"meta:last-author\" content=\"Larissa Arsego Zornitta\"\/>\n\n        <meta name=\"dc:creator\" content=\"Larissa Arsego Zornitta\"\/>\n\n        <meta name=\"extended-properties:Company\" content=\"\"\/>\n\n        <meta name=\"xmpTPg:NPages\" content=\"1\"\/>\n\n        <meta name=\"dcterms:created\" content=\"2025-01-30T14:48:00Z\"\/>\n\n        <meta name=\"meta:line-count\" content=\"3\"\/>\n\n        <meta name=\"dcterms:modified\" content=\"2025-03-02T17:49:00Z\"\/>\n\n        <meta name=\"meta:character-count\" content=\"430\"\/>\n\n        <meta name=\"extended-properties:Template\" content=\"Normal.dotm\"\/>\n\n        <meta name=\"meta:character-count-with-spaces\" content=\"508\"\/>\n\n        <meta name=\"X-TIKA:Parsed-By\" content=\"org.apache.tika.parser.CompositeParser\"\/>\n\n        <meta name=\"X-TIKA:Parsed-By\" content=\"org.apache.tika.parser.DefaultParser\"\/>\n\n        <meta name=\"X-TIKA:Parsed-By\" content=\"org.apache.tika.parser.microsoft.ooxml.OOXMLParser\"\/>\n\n        <meta name=\"extended-properties:DocSecurityString\" content=\"None\"\/>\n\n        <meta name=\"extended-properties:TotalTime\" content=\"40\"\/>\n\n        <meta name=\"Content-Length\" content=\"17194\"\/>\n\n        <meta name=\"meta:page-count\" content=\"1\"\/>\n\n        <meta name=\"Content-Type\" content=\"application\/vnd.openxmlformats-officedocument.wordprocessingml.document\"\/>\n\n        <meta name=\"dc:publisher\" content=\"\"\/>\n\n        <title>&#0;<\/title>\n\n    <\/head>\n\n    <body>\n        <p>\n            <b>AVISO DE DISPENSA DE LICITA&Ccedil;&Atilde;O<\/b>\n        <\/p>\n\n        <p\/>\n\n        <p>\n            <b>MUNIC&Iacute;PIO DE XAXIM<\/b>\n        <\/p>\n\n        <p>\n            <b>Processo<\/b> \n            <b>Licitat&oacute;rio<\/b> \n            <b>n&deg; 0167\/2025<\/b>\n        <\/p>\n\n        <p>\n            <b>Edital: <\/b>Dispensa de Licita&ccedil;&atilde;o n&deg; 0074\/2025\n        <\/p>\n\n        <p>\n            <b>Fundamento: <\/b>Art. 75, II Lei n&ordm; 14.133\/2021\n        <\/p>\n\n        <p>\n            <b>Objeto: <\/b>Contrata&ccedil;&atilde;o complementar de empresa especializada em interpreta&ccedil;&atilde;o em libras para os shows, rodeio e cerimonias da EXPO XAXIM 2025.\n        <\/p>\n\n        <p\/>\n\n        <p>Valor total: \n            <b>R$ 1.280,00<\/b> (mil duzentos e oitenta reais).\n        <\/p>\n\n        <p>Fornecedor\n            <b>: M &amp; J ASSESSORIA LTDA.<\/b>\n        <\/p>\n\n        <p>CNPJ:\n            <b> 30.155.108\/0001-14<\/b>\n        <\/p>\n\n        <p\/>\n\n        <p class=\"no_Spacing\">Xaxim &ndash; SC, 02 de mar&ccedil;o de 2025. <\/p>\n\n        <p class=\"no_Spacing\"\/>\n\n        <p class=\"no_Spacing\">\n            <b>Edilson Antonio Folle<\/b>\n        <\/p>\n\n        <p class=\"no_Spacing\">Prefeito Municipal <\/p>\n\n        <p\/>\n\n        <p\/>\n\n    <\/body>\n<\/html>\n","url":"https:\/\/www.diariomunicipal.sc.gov.br\/arquivosbd\/atos\/2025\/03\/1740938698_aviso_processo_n_0167__dispensa_n_0074__2025__libras_expo_extrato.pdf"},{"codigo":"7000404","titulo":"AVISO DE INEXIGIBILIDADE DE LICITA\u00c7\u00c3O N\u00b0 0076\/2025","data":"2025-03-02 15:29:13","cod_registro_info_sfinge":null,"municipio":"Xaxim","entidade":"Prefeitura municipal de Xaxim","categoria":"Licita\u00e7\u00f5es","link":"https:\/\/www.diariomunicipal.sc.gov.br\/?q=id:7000404","texto":"<html xmlns=\"http:\/\/www.w3.org\/1999\/xhtml\">\n\n    <head>\n\n        <meta name=\"cp:revision\" content=\"16\"\/>\n\n        <meta name=\"extended-properties:AppVersion\" content=\"16.0000\"\/>\n\n        <meta name=\"meta:paragraph-count\" content=\"1\"\/>\n\n        <meta name=\"meta:word-count\" content=\"89\"\/>\n\n        <meta name=\"extended-properties:Application\" content=\"Microsoft Office Word\"\/>\n\n        <meta name=\"meta:last-author\" content=\"Larissa Arsego Zornitta\"\/>\n\n        <meta name=\"dc:creator\" content=\"Larissa Arsego Zornitta\"\/>\n\n        <meta name=\"extended-properties:Company\" content=\"\"\/>\n\n        <meta name=\"xmpTPg:NPages\" content=\"1\"\/>\n\n        <meta name=\"dcterms:created\" content=\"2025-01-30T15:11:00Z\"\/>\n\n        <meta name=\"meta:line-count\" content=\"4\"\/>\n\n        <meta name=\"dcterms:modified\" content=\"2025-03-02T18:20:00Z\"\/>\n\n        <meta name=\"meta:character-count\" content=\"482\"\/>\n\n        <meta name=\"extended-properties:Template\" content=\"Normal.dotm\"\/>\n\n        <meta name=\"meta:character-count-with-spaces\" content=\"570\"\/>\n\n        <meta name=\"X-TIKA:Parsed-By\" content=\"org.apache.tika.parser.CompositeParser\"\/>\n\n        <meta name=\"X-TIKA:Parsed-By\" content=\"org.apache.tika.parser.DefaultParser\"\/>\n\n        <meta name=\"X-TIKA:Parsed-By\" content=\"org.apache.tika.parser.microsoft.ooxml.OOXMLParser\"\/>\n\n        <meta name=\"extended-properties:DocSecurityString\" content=\"None\"\/>\n\n        <meta name=\"extended-properties:TotalTime\" content=\"14\"\/>\n\n        <meta name=\"Content-Length\" content=\"17389\"\/>\n\n        <meta name=\"meta:page-count\" content=\"1\"\/>\n\n        <meta name=\"Content-Type\" content=\"application\/vnd.openxmlformats-officedocument.wordprocessingml.document\"\/>\n\n        <meta name=\"dc:publisher\" content=\"\"\/>\n\n        <title>&#0;<\/title>\n\n    <\/head>\n\n    <body>\n        <p>\n            <b>AVISO DE INEXIBILIDADE DE LICITA&Ccedil;&Atilde;O<\/b>\n        <\/p>\n\n        <p\/>\n\n        <p>\n            <b>MUNIC&Iacute;PIO DE XAXIM<\/b>\n        <\/p>\n\n        <p>\n            <b>Processo<\/b> \n            <b>Licitat&oacute;rio<\/b> \n            <b>n&deg; 0168\/2025<\/b>\n        <\/p>\n\n        <p>\n            <b>Edital: <\/b>Inexigibilidade de Licita&ccedil;&atilde;o n&deg; 0076\/2025\n        <\/p>\n\n        <p>\n            <b>Fundamento: <\/b>Art. 79, I Lei n&ordm; 14.133\/2021\n        <\/p>\n\n        <p class=\"list_Paragraph\">\n            <b>Objeto: <\/b>CREDENCIAMENTO DE POSTOS DE LAVAGEM, BORRACHARIAS E MEC&Acirc;NICAS PARA LAVAGEM, CONSERTO DE PNEUS E GEOMETRIA\/ BALAN&Ccedil;EAMENTO para atendimento a frota do munic&iacute;pio de Xaxim.\n        <\/p>\n\n        <p class=\"list_Paragraph\"\/>\n\n        <p class=\"list_Paragraph\">Valor total: \n            <b>R$ 4.310,00 (quatro mil, trezentos e dez reais).<\/b>\n        <\/p>\n\n        <h5\/>\n\n        <p class=\"list_Paragraph\">Fornecedor: \n            <b>PIVOTTO COMERCIO DE PNEUS LTDA<\/b>\n        <\/p>\n\n        <p class=\"list_Paragraph\">CNPJ: \n            <b>04.297.102\/0001-71<\/b>\n        <\/p>\n\n        <p class=\"list_Paragraph\"\/>\n\n        <p class=\"no_Spacing\">Xaxim &ndash; SC, 02 de mar&ccedil;o de 2025. <\/p>\n\n        <p class=\"no_Spacing\"\/>\n\n        <p class=\"no_Spacing\">\n            <b>Edilson Antonio Folle<\/b>\n        <\/p>\n\n        <p class=\"no_Spacing\">Prefeito Municipal <\/p>\n\n        <p\/>\n\n        <p\/>\n\n    <\/body>\n<\/html>\n","url":"https:\/\/www.diariomunicipal.sc.gov.br\/arquivosbd\/atos\/2025\/03\/1740940147_aviso_processo_n_0168__in_n_0076__2025__borracharia_pivotto_educ_extrato.pdf"},{"codigo":"7000405","titulo":"CONTRATO FMS 1\/2025","data":"2025-03-02 15:39:19","cod_registro_info_sfinge":null,"municipio":"Luzerna","entidade":"Prefeitura municipal de Luzerna","categoria":"Ata de registro de pre\u00e7os","link":"https:\/\/www.diariomunicipal.sc.gov.br\/?q=id:7000405","texto":"<html xmlns=\"http:\/\/www.w3.org\/1999\/xhtml\">\n\n    <head>\n\n        <meta name=\"pdf:PDFVersion\" content=\"1.7\"\/>\n\n        <meta name=\"xmp:CreatorTool\" content=\"Microsoft&reg; Word 2021\"\/>\n\n        <meta name=\"pdf:hasXFA\" content=\"false\"\/>\n\n        <meta name=\"access_permission:modify_annotations\" content=\"true\"\/>\n\n        <meta name=\"access_permission:can_print_degraded\" content=\"true\"\/>\n\n        <meta name=\"dc:creator\" content=\"Mariana de Azevedo Ramos\"\/>\n\n        <meta name=\"dcterms:created\" content=\"2025-03-02T18:36:55Z\"\/>\n\n        <meta name=\"dcterms:modified\" content=\"2025-03-02T18:36:55Z\"\/>\n\n        <meta name=\"dc:format\" content=\"application\/pdf; version=1.7\"\/>\n\n        <meta name=\"xmpMM:DocumentID\" content=\"uuid:9A0849AF-E9AA-4174-B988-E7E2B1C2DEB3\"\/>\n\n        <meta name=\"pdf:docinfo:creator_tool\" content=\"Microsoft&reg; Word 2021\"\/>\n\n        <meta name=\"access_permission:fill_in_form\" content=\"true\"\/>\n\n        <meta name=\"pdf:docinfo:modified\" content=\"2025-03-02T18:36:55Z\"\/>\n\n        <meta name=\"pdf:hasCollection\" content=\"false\"\/>\n\n        <meta name=\"pdf:encrypted\" content=\"false\"\/>\n\n        <meta name=\"xmp:CreateDate\" content=\"2025-03-02T15:36:55Z\"\/>\n\n        <meta name=\"Content-Length\" content=\"308964\"\/>\n\n        <meta name=\"pdf:hasMarkedContent\" content=\"true\"\/>\n\n        <meta name=\"Content-Type\" content=\"application\/pdf\"\/>\n\n        <meta name=\"xmp:ModifyDate\" content=\"2025-03-02T15:36:55Z\"\/>\n\n        <meta name=\"pdf:docinfo:creator\" content=\"Mariana de Azevedo Ramos\"\/>\n\n        <meta name=\"dc:language\" content=\"pt-BR\"\/>\n\n        <meta name=\"pdf:producer\" content=\"Microsoft&reg; Word 2021\"\/>\n\n        <meta name=\"access_permission:extract_for_accessibility\" content=\"true\"\/>\n\n        <meta name=\"access_permission:assemble_document\" content=\"true\"\/>\n\n        <meta name=\"xmpTPg:NPages\" content=\"12\"\/>\n\n        <meta name=\"pdf:hasXMP\" content=\"true\"\/>\n\n        <meta name=\"access_permission:extract_content\" content=\"true\"\/>\n\n        <meta name=\"access_permission:can_print\" content=\"true\"\/>\n\n        <meta name=\"X-TIKA:Parsed-By\" content=\"org.apache.tika.parser.CompositeParser\"\/>\n\n        <meta name=\"X-TIKA:Parsed-By\" content=\"org.apache.tika.parser.pdf.PDFParser\"\/>\n\n        <meta name=\"access_permission:can_modify\" content=\"true\"\/>\n\n        <meta name=\"pdf:docinfo:producer\" content=\"Microsoft&reg; Word 2021\"\/>\n\n        <meta name=\"pdf:docinfo:created\" content=\"2025-03-02T18:36:55Z\"\/>\n\n        <title>&#0;<\/title>\n\n    <\/head>\n\n    <body>\n        <body>\n            <p>CONTRATO FMS N&ordm; 1\/2025<\/p>\n\n            <p>PROCESSO LICITAT&Oacute;RIO N&ordm; 1\/2025<\/p>\n\n            <p>INEXIGIBILIDADE DE LICITA&Ccedil;&Atilde;O N&ordm; 1\/2025<\/p>\n\n            <p>CREDENCIAMENTO FMS N&ordm; 1\/2025<\/p>\n\n            <p>(Lei 14.133\/2021)<\/p>\n\n            <p\/>\n\n            <h1>O FUNDO MUNICIPAL DE SA&Uacute;DE DE LUZERNA\/SC, pessoa jur&iacute;dica de direito p&uacute;blico interno, inscrito no CNPJ\/MF sob o n&ordm; 10.574.092\/0001-77, com sede administrativa na Avenida 16 de Fevereiro, 151, em Luzerna\/SC, por interm&eacute;dio da SECRETARIA DE SA&Uacute;DE DE LUZERNA, representada neste ato por sua Secret&aacute;ria, a Sra. GABRIELA MAZZARINO, inscrita no CPF\/MF sob o n&ordm; 059.***.959-60, denominada CONTRATANTE e a empresa FABIO JUNIOR SARMENTO, inscrito no CNPJ sob n&ordm; 30.446.947\/0001-91, situado na Rua Governador Celso Ramos, S\/N, Bairro Imigrantes, no munic&iacute;pio de Zort&eacute;a\/SC, CEP 89633-000, representado por FABIO JUNIOR SARMENTO, inscrito no CPF sob n&ordm; 081.***.239-58, denominado CONTRATADO, contratam mediante as seguintes cl&aacute;usulas e condi&ccedil;&otilde;es:<\/h1>\n\n            <p\/>\n\n            <p>CL&Aacute;USULA PRIMEIRA<\/p>\n\n            <p>DO OBJETO E DO PRE&Ccedil;O<\/p>\n\n            <p\/>\n\n            <ul>\t\n                <li>1.1. O presente contrato tem por objeto o CREDENCIAMENTO DE EMPRESAS ESPECIALIZADAS EM REALIZA&Ccedil;&Atilde;O DE SESS&Otilde;ES DE FISIOTERAPIA, conforme as necessidades do Fundo Municipal de Sa&uacute;de do Munic&iacute;pio de Luzerna - SC, em conformidade com a Lei n&ordm; 13.146\/2015, constituindo-se em:\n                    <ul>\t\n                        <li>2.1. Os credenciados desempenhar&atilde;o os servi&ccedil;os em seu estabelecimento pr&oacute;prio, com dist&acirc;ncia m&aacute;xima de at&eacute; 20 km (vinte quil&ocirc;metros) da sede do munic&iacute;pio contratante, e\/ou atendimento domiciliar na cidade de Luzerna\/SC, diretamente &agrave; popula&ccedil;&atilde;o, conforme seus hor&aacute;rios de funcionamento.<\/li>\n\t\n                        <li>2.2. Os servi&ccedil;os somente poder&atilde;o ser executados de acordo com as autoriza&ccedil;&otilde;es emitidas pela Secretaria de Sa&uacute;de, em conjunto com a prescri&ccedil;&atilde;o m&eacute;dica, n&atilde;o sendo permitido o atendimento de paciente sem a apresenta&ccedil;&atilde;o da guia, ainda que seja paciente em tratamento continuado.<\/li>\n\t\n                        <li>2.3. N&atilde;o ser&atilde;o pagas sess&otilde;es realizadas em data anterior a emiss&atilde;o da guia ou em desconformidade com os dispositivos do contrato.<\/li>\n\t\n                        <li>2.4. Os agendamentos ser&atilde;o de responsabilidade do paciente, n&atilde;o podendo a autoriza&ccedil;&atilde;o emitida ser aceita ap&oacute;s 30 (trinta) dias de sua emiss&atilde;o.<\/li>\n\t\n                        <li>2.5. O tempo m&iacute;nimo de atendimento por sess&atilde;o dever&aacute; ser de 45 minutos, tanto para os atendimentos realizados em cl&iacute;nica quanto os domiciliares.<\/li>\n\t\n                        <li>2.6. O credenciado n&atilde;o estar&aacute; obrigado a manter vaga e\/ou ofertar nova vaga para paciente com hist&oacute;rico de 2 faltas consecutivas e\/ou 3 intercaladas.<\/li>\n\t\n                        <li>2.7. Os credenciados dever&atilde;o dispor de todos os materiais, equipamentos e espa&ccedil;os necess&aacute;rios para a realiza&ccedil;&atilde;o dos servi&ccedil;os profissionais ora contratados, devendo os atendimentos ocorrerem de acordo com a &eacute;tica profissional.<\/li>\n\t\n                        <li>2.8. Os credenciados ser&atilde;o respons&aacute;veis pela presta&ccedil;&atilde;o dos servi&ccedil;os mantendo-se durante toda a execu&ccedil;&atilde;o do Contrato, a compatibilidade com as obriga&ccedil;&otilde;es assumidas e responsabilizar-se por todas as despesas decorrentes de locomo&ccedil;&atilde;o, estadia, alimenta&ccedil;&atilde;o e todas as demais necess&aacute;rias para a presta&ccedil;&atilde;o dos servi&ccedil;os junto ao Munic&iacute;pio Contratante.<\/li>\n\t\n                        <li>2.9. Fica assegurado &agrave; Secretaria Municipal de Sa&uacute;de, o direito de, a qualquer tempo, proceder &agrave; avalia&ccedil;&atilde;o do andamento dos trabalhos objeto deste credenciamento, bem como, solicitar relat&oacute;rios e demais documentos pertinentes aos mesmos.<\/li>\n\t\n                        <li>2.10. A CONTRATADA n&atilde;o poder&aacute; cobrar do paciente, ou seu acompanhante, qualquer complementa&ccedil;&atilde;o aos valores propostos para os servi&ccedil;os prestados.<\/li>\n\t\n                        <li>2.11. N&atilde;o poder&aacute; ser cobrada nenhuma taxa, contribui&ccedil;&atilde;o ou encargos dos usu&aacute;rios encaminhados pela Secretaria, n&atilde;o podendo os mesmos sofrer qualquer tipo de constrangimento.<\/li>\n\t\n                        <li>2.12. A presente contrata&ccedil;&atilde;o n&atilde;o gerar&aacute; nenhum v&iacute;nculo empregat&iacute;cio do FMS perante o contratado e seus subordinados, sendo de sua responsabilidade todas as despesas que incidirem sobre a contrata&ccedil;&atilde;o.<\/li>\n\t\n                        <li>2.13. O credenciado dever&aacute; encaminhar mensalmente, juntamente com a nota fiscal, as autoriza&ccedil;&otilde;es emitidas pela Secretaria de Sa&uacute;de devidamente assinadas por paciente e prestador, para apura&ccedil;&atilde;o das sess&otilde;es realizadas.<\/li>\n\t\n                        <li>2.14. A assinatura do paciente, bem como a data&ccedil;&atilde;o das sess&otilde;es, somente poder&aacute; ser efetivada no ato do atendimento, n&atilde;o sendo aceitas guias com rasuras ou preenchidas a l&aacute;pis<\/li>\n\n                    <\/ul>\n\n                <\/li>\n\n            <\/ul>\n\n            <p\/>\n\n            <table>\n                <thead>\n                    <tr>\t\n                        <th>\n                            <p>Item<\/p>\n\n                        <\/th>\t\n                        <th>\n                            <p>Quantitativo Estimado*<\/p>\n\n                        <\/th>\t\n                        <th>\n                            <p>Descri&ccedil;&atilde;o<\/p>\n\n                        <\/th>\t\n                        <th>\n                            <p>Valor Unit&aacute;rio (R$)<\/p>\n\n                        <\/th>\t\n                        <th>\n                            <p>Valor total<\/p>\n\n                            <p>Estimado** (R$)<\/p>\n\n                        <\/th>\n                    <\/tr>\n\n                <\/thead>\n                <tbody>\n                    <tr>\t\n                        <th>\n                            <p>2<\/p>\n\n                        <\/th>\t\n                        <td>\n                            <p>4.800<\/p>\n\n                        <\/td>\t\n                        <td>\n                            <p>Sess&atilde;o de fisioterapia (realizada &agrave; domic&iacute;lio)<\/p>\n\n                        <\/td>\t\n                        <td>\n                            <p>80,00<\/p>\n\n                        <\/td>\t\n                        <td>\n                            <p>R$ 384.000,00<\/p>\n\n                        <\/td>\n                    <\/tr>\n\n                <\/tbody>\n            <\/table>\n\n            <p\/>\n\n            <p>* Estima-se o quantitativo anual de 4.800 sess&otilde;es de fisioterapia (realizada &agrave; domicilio) (item 2) distribu&iacute;das para todos os credenciados, no Credenciado FMS 1\/2025;<\/p>\n\n            <p\/>\n\n            <p>** Estima-se o valor total anual de R$ 384.000,00 (trezentos e oitenta e quatro mil reais), distribu&iacute;do em todos os credenciados, para o item 2 - sess&otilde;es de fisioterapia (realizada &agrave; domicilio), no Credenciado FMS 1\/2025.<\/p>\n\n            <p\/>\n\n            <p\/>\n\n            <p>CL&Aacute;USULA SEGUNDA<\/p>\n\n            <p>DA FORMA DE EXECU&Ccedil;&Atilde;O<\/p>\n\n            <p\/>\n\n            <p\/>\n\n            <p>CL&Aacute;USULA TERCEIRA<\/p>\n\n            <p>DO RECEBIMENTO<\/p>\n\n            <p\/>\n\n            <ul>\t\n                <li>3.1. O recebimento do objeto seguir&aacute; o disposto nos artigos 140 da Lei 14.133\/2021, e ser&aacute; realizado da seguinte forma:\n                    <ul>\t\n                        <li>3.1.1. Provisoriamente: pelo respons&aacute;vel por seu acompanhamento e fiscaliza&ccedil;&atilde;o, mediante termo detalhado, quando verificado o cumprimento das exig&ecirc;ncias de car&aacute;ter t&eacute;cnico;<\/li>\n\t\n                        <li>3.1.2. Definitivamente: at&eacute; 30 (trinta) dias &uacute;teis da presta&ccedil;&atilde;o dos servi&ccedil;os\/aquisi&ccedil;&atilde;o do\/os produto\/os, por servidor ou comiss&atilde;o designada pela autoridade competente, mediante termo detalhado que comprove o atendimento das exig&ecirc;ncias contratuais.<\/li>\n\t\n                        <li>3.2. O prazo para recebimento definitivo poder&aacute; ser excepcionalmente prorrogado, de forma justificada, por igual per&iacute;odo, quando houver necessidade de dilig&ecirc;ncias para a aferi&ccedil;&atilde;o do atendimento das exig&ecirc;ncias contratuais.<\/li>\n\t\n                        <li>3.3. No momento do recebimento do objeto, o &oacute;rg&atilde;o requisitante, por interm&eacute;dio de servidor designado, reserva-se no direito de proceder &agrave; inspe&ccedil;&atilde;o de qualidade dos mesmos e de rejeit&aacute;-los, no todo ou em parte, se estiverem em desacordo com as especifica&ccedil;&otilde;es do objeto contratado, obrigando-se o Contratado a promover a devida substitui&ccedil;&atilde;o ou adequa&ccedil;&atilde;o, quando for o caso.\n                            <ul>\t\n                                <li>3.3.1. No caso de considerada insatisfat&oacute;ria as condi&ccedil;&otilde;es dos servi&ccedil;os recebidos provisoriamente, ser&aacute; lavrado termo de recusa, no qual se consignar&atilde;o as desconformidades, devendo os servi&ccedil;os serem readequados &agrave;s exig&ecirc;ncias contratuais, independente das multas e comina&ccedil;&otilde;es legais pelo descumprimento do contrato, das quais, poder&atilde;o ser aplicadas de acordo com a norma legal vigente e contratual.<\/li>\n\n                            <\/ul>\n\n                        <\/li>\n\t\n                        <li>3.4. Por ocasi&atilde;o do recebimento do objeto, o Munic&iacute;pio, por interm&eacute;dio de servidor designado, reserva-se no direito de exercer ampla fiscaliza&ccedil;&atilde;o de sua entrega, verificando se est&atilde;o sendo cumpridos os termos contratuais, n&atilde;o se excluindo o Contratado da responsabilidade por qualquer irregularidade. Constatado o<\/li>\n\t\n                        <li>fornecimento de materiais de m&aacute; qualidade, o Munic&iacute;pio poder&aacute; utilizar-se do disposto na Lei 8.078\/90 &ndash; C&oacute;digo de Defesa do Consumidor.<\/li>\n\t\n                        <li>3.5. O Contratado dever&aacute; responsabilizar-se pela substitui&ccedil;&atilde;o do\/os material\/is adquirido\/os, quando na ocasi&atilde;o da fiscaliza&ccedil;&atilde;o, for constatado que se encontra com defeito, diferente da solicita&ccedil;&atilde;o ou em desacordo com qualquer das especifica&ccedil;&otilde;es, sob pena de pagamento de multa di&aacute;ria, &agrave; t&iacute;tulo de dep&oacute;sito, sem preju&iacute;zo da incid&ecirc;ncia de multa di&aacute;ria por atraso na entrega, a contar da data efetiva do pedido.\n                            <ul>\t\n                                <li>3.5.1. O fornecimento de materiais\/servi&ccedil;os de forma inadequada que n&atilde;o atenderem &agrave;s exigibilidades n&atilde;o ser&atilde;o recebidos e o pagamento ficar&aacute; suspenso at&eacute; sua regulariza&ccedil;&atilde;o de forma integral.<\/li>\n\n                            <\/ul>\n\n                        <\/li>\n\t\n                        <li>3.6. O aceite do objeto n&atilde;o exclui a responsabilidade civil do fornecedor por v&iacute;cios de quantidade, de qualidade ou t&eacute;cnico dos servi&ccedil;os, ou por desacordo com as especifica&ccedil;&otilde;es estabelecidas no Termo de Refer&ecirc;ncia ou no Contrato, verificadas posteriormente, e por danos deles decorrentes.<\/li>\n\t\n                        <li>3.7. No caso de controv&eacute;rsia sobre a execu&ccedil;&atilde;o do objeto, quanto &agrave; dimens&atilde;o, qualidade e quantidade, dever&aacute; ser observado o teor do art. 143 da Lei n&ordm; 14.133, de 2021, comunicando-se &agrave; empresa para emiss&atilde;o de Nota Fiscal no que se refere &agrave; parcela incontroversa da execu&ccedil;&atilde;o do objeto, para efeito de liquida&ccedil;&atilde;o e pagamento.<\/li>\n\t\n                        <li>3.8. O prazo para a solu&ccedil;&atilde;o, pelo contratado, de inconsist&ecirc;ncias na execu&ccedil;&atilde;o do objeto ou de saneamento da nota fiscal ou de instrumento de cobran&ccedil;a equivalente, verificadas pela Administra&ccedil;&atilde;o durante a an&aacute;lise pr&eacute;via &agrave; liquida&ccedil;&atilde;o de despesa, n&atilde;o ser&aacute; computado para os fins do recebimento definitivo.<\/li>\n\t\n                        <li>3.9. Caso o objeto ou servi&ccedil;os sejam recusados ou o documento fiscal apresente incorre&ccedil;&atilde;o, o prazo de pagamento ser&aacute; contado a partir da data da regulariza&ccedil;&atilde;o da entrega ou do documento fiscal, a depender do evento.<\/li>\n\t\n                        <li>4.1. A execu&ccedil;&atilde;o do contrato dever&aacute; ser acompanhada e fiscalizada pelo(s) fiscal(is) do contrato, ou pelos respectivos substitutos (Lei n&ordm; 14.133, de 2021, art. 117, caput).\n                            <ul>\t\n                                <li>4.1.1. A fiscaliza&ccedil;&atilde;o da presente Contrata&ccedil;&atilde;o ficar&aacute; a cargo do(a) servidor(a) Felipe Zardo Dallanora, ou quem a substituir.<\/li>\n\t\n                                <li>4.1.2. Caber&aacute; a(os) fiscal(is) da contrata&ccedil;&atilde;o, verificar se os itens, objeto do presente contrato, atendem a todas as especifica&ccedil;&otilde;es e demais requisitos exigidos, bem como legitimar a liquida&ccedil;&atilde;o dos pagamentos devidos ao contratado e participar de todos os atos que se fizerem necess&aacute;rios para o adimplemento a que se referir o objeto licitado, orientando as autoridades da necessidade de serem aplicadas san&ccedil;&otilde;es ou a rescis&atilde;o contratual.<\/li>\n\t\n                                <li>4.1.3. O fiscal do contrato anotar&aacute; todas as ocorr&ecirc;ncias relacionadas &agrave; execu&ccedil;&atilde;o do contrato, com a descri&ccedil;&atilde;o do que for necess&aacute;rio para a regulariza&ccedil;&atilde;o das faltas ou dos defeitos observados. (Lei n&ordm; 14.133, de 2021, art. 117, &sect;1&ordm;);<\/li>\n\t\n                                <li>4.1.4. Identificada qualquer inexatid&atilde;o ou irregularidade, o fiscal do contrato informar&aacute; ao gestor, para que sejam adotadas as medidas necess&aacute;rias e saneadoras, se for o caso.<\/li>\n\t\n                                <li>4.1.5. A omiss&atilde;o, total ou parcial, da fiscaliza&ccedil;&atilde;o, n&atilde;o eximir&aacute; o fornecedor da integral responsabilidade pelos encargos ou servi&ccedil;os que s&atilde;o de sua compet&ecirc;ncia.<\/li>\n\n                            <\/ul>\n\n                        <\/li>\n\t\n                        <li>4.2. A Gest&atilde;o da presente Contrata&ccedil;&atilde;o ficar&aacute; a cargo da Secret&aacute;ria de Sa&uacute;de, Sra. Gabriela Mazzarino, ou quem a substituir.<\/li>\n\t\n                        <li>5.1. Os pre&ccedil;os n&atilde;o ser&atilde;o reajustados, salvo se:\n                            <ul>\t\n                                <li>5.1.1. O pre&ccedil;o registrado poder&aacute; ser revisado quando houver altera&ccedil;&atilde;o de valor devidamente comprovada, podendo ocorrer somente se de acordo com o art. 124 da Lei 14.133\/2021 e altera&ccedil;&otilde;es, mediante requerimento a ser formalizado pelo Contratado;<\/li>\n\t\n                                <li>5.1.2. As quantidades a serem fornecidas constantes do Termo de Refer&ecirc;ncia que acompanha o processo de Contrata&ccedil;&atilde;o, poder&atilde;o, nos limites dos artigos 125 e 126 da Lei 14.133\/2021, ser acrescidas ou suprimidas em conformidade com a demanda do per&iacute;odo de vig&ecirc;ncia do presente contrato.<\/li>\n\t\n                                <li>5.1.3. O pre&ccedil;o registrado poder&aacute; ser revisto em decorr&ecirc;ncia de eventual redu&ccedil;&atilde;o daqueles praticados no mercado, ou de fato que eleve o custo dos servi&ccedil;os ou bens, cabendo ao &oacute;rg&atilde;o gerenciador do contrato promover as necess&aacute;rias negocia&ccedil;&otilde;es junto aos fornecedores.<\/li>\n\t\n                                <li>5.1.4. Quando o pre&ccedil;o de mercado se tornar superior aos pre&ccedil;os praticados e o fornecedor, mediante requerimento devidamente comprovado, dever&aacute; requerer a revis&atilde;o dos pre&ccedil;os nos termos do artigo 124, inciso I, al&iacute;nea &ldquo;d&rdquo;, da Lei n&ordm; 14133\/2021.<\/li>\n\t\n                                <li>5.1.5. Os pre&ccedil;os contratados e atualizados n&atilde;o poder&atilde;o ser superiores aos pre&ccedil;os praticados no mercado, bem como as altera&ccedil;&otilde;es unilaterais a que se refere o inciso I do caput do art. 124 da Lei 14.133\/2021, n&atilde;o poder&atilde;o transfigurar o objeto da contrata&ccedil;&atilde;o.<\/li>\n\t\n                                <li>5.1.6. Os pre&ccedil;os contratados ser&atilde;o alterados, para mais ou para menos, conforme o caso, se houver, ap&oacute;s a data da apresenta&ccedil;&atilde;o da proposta, cria&ccedil;&atilde;o, altera&ccedil;&atilde;o ou extin&ccedil;&atilde;o de quaisquer tributos ou encargos legais ou a superveni&ecirc;ncia de disposi&ccedil;&otilde;es legais, com comprovada repercuss&atilde;o sobre os pre&ccedil;os contratados, nos termos do art. 134 da Lei 14.133\/2021.<\/li>\n\t\n                                <li>5.1.7. N&atilde;o havendo &ecirc;xito nas negocia&ccedil;&otilde;es, o &oacute;rg&atilde;o gerenciador dever&aacute; proceder &agrave; revoga&ccedil;&atilde;o do item ou contrato correspondente, adotando as medidas cab&iacute;veis para obten&ccedil;&atilde;o da contrata&ccedil;&atilde;o mais vantajosa.<\/li>\n\t\n                                <li>5.1.8. Os pre&ccedil;os registrados, quando sujeitos ao controle oficial, poder&atilde;o ser revisados nos termos e prazos fixados pelo &oacute;rg&atilde;o p&uacute;blico controlador.<\/li>\n\t\n                                <li>5.1.9. Ap&oacute;s o interregno de um ano, os pre&ccedil;os iniciais ser&atilde;o reajustados, mediante a aplica&ccedil;&atilde;o, pelo contratante, do &iacute;ndice INPC (&Iacute;ndice Nacional de Pre&ccedil;os ao Consumidor), exclusivamente para as obriga&ccedil;&otilde;es iniciadas e conclu&iacute;das ap&oacute;s a ocorr&ecirc;ncia da anualidade.<\/li>\n\t\n                                <li>5.1.10. Nos reajustes subsequentes ao primeiro, o interregno m&iacute;nimo de um ano ser&aacute; contado a partir dos efeitos financeiros do &uacute;ltimo reajuste.<\/li>\n\t\n                                <li>5.1.11. No caso de atraso ou n&atilde;o divulga&ccedil;&atilde;o do(s) &iacute;ndice (s) de reajustamento, o contratante pagar&aacute; ao contratado a import&acirc;ncia calculada pela &uacute;ltima varia&ccedil;&atilde;o conhecida, liquidando a diferen&ccedil;a correspondente t&atilde;o logo seja(m) divulgado(s) o(s) &iacute;ndice(s) definitivo(s).<\/li>\n\t\n                                <li>5.1.12. Nas aferi&ccedil;&otilde;es finais, o(s) &iacute;ndice(s) utilizado(s) para reajuste ser&aacute;(&atilde;o), obrigatoriamente, o(s) definitivo(s).<\/li>\n\t\n                                <li>5.1.13. Caso o(s) &iacute;ndice(s) estabelecido(s) para reajustamento venha(m) a ser extinto(s) ou de qualquer forma n&atilde;o possa(m) mais ser utilizado(s), ser&aacute;(&atilde;o) adotado(s), em substitui&ccedil;&atilde;o, o(s) que vier(em) a ser determinado(s) pela legisla&ccedil;&atilde;o ent&atilde;o em vigor.<\/li>\n\t\n                                <li>5.1.14. Na aus&ecirc;ncia de previs&atilde;o legal quanto ao &iacute;ndice substituto, as partes eleger&atilde;o novo &iacute;ndice oficial, para reajustamento do pre&ccedil;o do valor remanescente, por meio de termo aditivo.<\/li>\n\t\n                                <li>5.1.15. Eventuais altera&ccedil;&otilde;es contratuais reger-se-&atilde;o pela disciplina dos arts. 124 e seguintes da Lei n&ordm; 14.133, de 2021.<\/li>\n\t\n                                <li>5.1.16. O contratado &eacute; obrigado a aceitar, nas mesmas condi&ccedil;&otilde;es contratuais, os acr&eacute;scimos ou supress&otilde;es que se fizerem necess&aacute;rios, at&eacute; o limite de 25% (vinte e cinco por cento) do valor inicial atualizado do contrato.<\/li>\n\n                            <\/ul>\n\n                        <\/li>\n\t\n                        <li>6.1. O pagamento ser&aacute; realizado em at&eacute; 30 (trinta) dias contados da execu&ccedil;&atilde;o mensal dos servi&ccedil;os ou entrega dos materiais, mediante a apresenta&ccedil;&atilde;o de documento fiscal, devidamente atestado por Servidor Municipal competente devendo ainda apresentar a comprova&ccedil;&atilde;o das guias de recolhimento do FGTS e do INSS, bem como da quita&ccedil;&atilde;o da Folha de Pagamento dos empregados envolvidos na execu&ccedil;&atilde;o do objeto contratual na Secretaria Municipal de Assist&ecirc;ncia Social ou ao fiscal do Contrato.\n                            <ul>\t\n                                <li>6.1.1. QUANDO SE TRATAR DE FORNECIMENTO DE PRODUTO, O DOCUMENTO FISCAL DEVER&Aacute; SER EMITIDO PELA FAZENDA DO ESTADO, COM A IDENTIFICA&Ccedil;&Atilde;O DA INSCRI&Ccedil;&Atilde;O ESTADUAL E O RECOLHIMENTO DE ICMS.<\/li>\n\t\n                                <li>6.1.2. QUANDO SE TRATAR DE PRESTA&Ccedil;&Atilde;O DE SERVI&Ccedil;OS, O DOCUMENTO FISCAL DEVER&Aacute; SER EMITIDO PELA FAZENDA DO MUNIC&Iacute;PIO, COM A IDENTIFICA&Ccedil;&Atilde;O DA INSCRI&Ccedil;&Atilde;O MUNICIPAL E O RECOLHIMENTO DE ISS.<\/li>\n\t\n                                <li>6.1.3. QUANDO SE TRATAR DE FORNECIMENTO DE PRODUTOS E SERVI&Ccedil;OS PELO MESMO FORNECEDOR, AS NOTAS APRESENTADAS (PRODUTOS E SERVI&Ccedil;OS) DEVER&Atilde;O TOTALIZAR O VALOR DA PROPOSTA VENCEDORA.<\/li>\n\n                            <\/ul>\n\n                        <\/li>\n\t\n                        <li>6.2. A Nota Fiscal ou outro documento fiscal correlato dever&aacute; ser emitido em nome da Unidade requisitante e ter a mesma Raz&atilde;o Social e CNPJ dos documentos apresentados pela proponente por ocasi&atilde;o da habilita&ccedil;&atilde;o.\n                            <ul>\t\n                                <li>6.2.1. O Contratado dever&aacute; constar na Nota Fiscal as informa&ccedil;&otilde;es que o munic&iacute;pio vir a requisitar que constem no referido documento.<\/li>\n\t\n                                <li>6.2.2. A Nota Fiscal ou outro documento fiscal correlato dever&aacute; ser emitido para:<\/li>\n\n                            <\/ul>\n\n                        <\/li>\n\n                    <\/ul>\n\n                <\/li>\n\n            <\/ul>\n\n            <p\/>\n\n            <p\/>\n\n            <p\/>\n\n            <p\/>\n\n            <p\/>\n\n            <p\/>\n\n            <p\/>\n\n            <p\/>\n\n            <p\/>\n\n            <p\/>\n\n            <p>CL&Aacute;USULA QUARTA<\/p>\n\n            <p>DO RESPONS&Aacute;VEL PELO RECEBIMENTO, FISCAL E GESTOR DA CONTRATA&Ccedil;&Atilde;O<\/p>\n\n            <p\/>\n\n            <p\/>\n\n            <p\/>\n\n            <p\/>\n\n            <p>CL&Aacute;USULA QUINTA<\/p>\n\n            <p>DO REAJUSTE, REVIS&Atilde;O, ATUALIZA&Ccedil;&Atilde;O DOS PRE&Ccedil;OS E DAS ALTERA&Ccedil;&Otilde;ES<\/p>\n\n            <p\/>\n\n            <p>Do reajuste e da revis&atilde;o:<\/p>\n\n            <p\/>\n\n            <p>Das Atualiza&ccedil;&otilde;es:<\/p>\n\n            <p\/>\n\n            <p>Das altera&ccedil;&otilde;es:<\/p>\n\n            <p\/>\n\n            <p\/>\n\n            <p>CL&Aacute;USULA SEXTA<\/p>\n\n            <p>DOS PAGAMENTOS<\/p>\n\n            <p\/>\n\n            <p\/>\n\n            <p\/>\n\n            <ul>\t\n                <li>\u27a2 FUNDO MUNICIPAL DE SA&Uacute;DE DE LUZERNA - Avenida 16 de Fevereiro, 151, Centro, Luzerna, SC, CNPJ n&ordm; 10.574.092\/0001-77.\n                    <ul>\t\n                        <li>6.3. Informa-se ainda que todas as notas fiscais emitidas sofrer&atilde;o reten&ccedil;&atilde;o do imposto de renda na fonte, em conformidade com a Instru&ccedil;&atilde;o Normativa RFB n&ordm; 1.234, de 11 de janeiro de 2012 e altera&ccedil;&otilde;es posteriores. Assim, os fornecedores dever&atilde;o seguir o que disp&otilde;e o Of&iacute;cio Circular n&ordm; 007\/2023 do Munic&iacute;pio de Luzerna, sob pena da nota fiscal ser devolvida para anula&ccedil;&atilde;o e corre&ccedil;&atilde;o.<\/li>\n\t\n                        <li>6.4. A credenciada dever&aacute; enviar e-mail do documento fiscal, imediatamente ap&oacute;s a emiss&atilde;o do mesmo, para o Setor de Compras (Fone: (049) 3551-4700 | E-mail:\n                            <a href=\"mailto:compras@luzerna.sc.gov.br\">compras@luzerna.sc.gov.br<\/a>).\n                        <\/li>\n\t\n                        <li>6.5. Nenhum pagamento ser&aacute; efetuado ao Contratado enquanto pendente de liquida&ccedil;&atilde;o qualquer obriga&ccedil;&atilde;o financeira que lhe for imposta em virtude de penalidade ou inadimpl&ecirc;ncia contratual.<\/li>\n\t\n                        <li>7.1. Cabe ao CREDENCIANTE:\n                            <ul>\t\n                                <li>7.1.1. Proporcionar todas as condi&ccedil;&otilde;es para viabilizar o in&iacute;cio do fornecimento Termo de Credenciamento;<\/li>\n\t\n                                <li>7.1.2. Notificar a CREDENCIADA de qualquer irregularidade encontrada no fornecimento dos bens\/servi&ccedil;os;<\/li>\n\t\n                                <li>7.1.3. Efetuar os pagamentos devidos, nas condi&ccedil;&otilde;es estabelecidas, garantindo a real disponibilidade financeira para a quita&ccedil;&atilde;o de seus d&eacute;bitos frente &agrave; CREDENCIADA dos materiais\/servi&ccedil;os ora contratados, sob pena de ilegalidade dos atos;<\/li>\n\t\n                                <li>7.1.4. Recusar\/devolver os bens\/servi&ccedil;os nas seguintes hip&oacute;teses:\n                                    <ul>\t\n                                        <li>7.1.4.1. Que apresentarem v&iacute;cio de qualidade ou impropriedade para o uso;<\/li>\n\t\n                                        <li>7.1.4.2. Que possu&iacute;rem nota fiscal com especifica&ccedil;&atilde;o e quantidade em desacordo com presente Termo de Credenciamento;<\/li>\n\t\n                                        <li>7.1.4.3. Quando entregues em desacordo com as especifica&ccedil;&otilde;es dos requisitos obrigat&oacute;rios deste instrumento.<\/li>\n\n                                    <\/ul>\n\n                                <\/li>\n\t\n                                <li>7.1.5. O recebimento provis&oacute;rio dar-se-&aacute;, por respons&aacute;vel indicado pelo CREDENCIANTE, no ato da entrega\/realiza&ccedil;&atilde;o dos bens\/servi&ccedil;os e da nota fiscal pela CREDENCIADA;<\/li>\n\t\n                                <li>7.1.6. O recebimento provis&oacute;rio n&atilde;o implica sua aceita&ccedil;&atilde;o;<\/li>\n\t\n                                <li>7.1.7. O recebimento definitivo dar-se-&aacute;, pelo CREDENCIANTE, ap&oacute;s a verifica&ccedil;&atilde;o do cumprimento das especifica&ccedil;&otilde;es dos materiais\/servi&ccedil;os, nos moldes deste Termo de Credenciamento e da proposta vencedora, no prazo de at&eacute; 30 (trinta) dias, contados do recebimento provis&oacute;rio.<\/li>\n\t\n                                <li>7.1.8. Notificar a CREDENCIADA, por escrito, sobre v&iacute;cios, defeitos ou incorre&ccedil;&otilde;es verificadas no objeto fornecido, para que seja por ele substitu&iacute;do, reparado ou corrigido, no total ou em parte, &agrave;s suas expensas, bem como sobre toda e qualquer irregularidade constatada na execu&ccedil;&atilde;o do Termo de Credenciamento.<\/li>\n\t\n                                <li>7.1.9. Aplicar ao Contratado as san&ccedil;&otilde;es previstas na lei e neste Termo de Credenciamento;<\/li>\n\t\n                                <li>7.1.10. Explicitamente emitir decis&atilde;o sobre todas as solicita&ccedil;&otilde;es e reclama&ccedil;&otilde;es relacionadas &agrave; execu&ccedil;&atilde;o do presente Termo de Credenciamento, ressalvados os requerimentos manifestamente impertinentes, meramente protelat&oacute;rios ou de nenhum interesse para a boa execu&ccedil;&atilde;o do ajuste.<\/li>\n\t\n                                <li>7.1.11. O CREDENCIANTE ter&aacute; o prazo de at&eacute; 30 (trinta) dias, a contar da data do protocolo do requerimento para decidir, admitida a prorroga&ccedil;&atilde;o motivada, por igual per&iacute;odo, nos termos do art. 123, &sect; &uacute;nico da Lei 14.133\/2021.<\/li>\n\t\n                                <li>7.1.12. Responder eventuais pedidos de reestabelecimento do equil&iacute;brio econ&ocirc;mico-financeiro feitos pela CREDENCIADA no prazo m&aacute;ximo de at&eacute; 30 (dias).<\/li>\n\t\n                                <li>7.1.13. A Administra&ccedil;&atilde;o n&atilde;o responder&aacute; por quaisquer compromissos assumidos pela CREDENCIADA com terceiros, ainda que vinculados &agrave; execu&ccedil;&atilde;o do Termo de Credenciamento, bem como por qualquer dano causado a terceiros em decorr&ecirc;ncia de ato da CREDENCIADA de seus empregados, prepostos ou subordinados.<\/li>\n\n                            <\/ul>\n\n                        <\/li>\n\t\n                        <li>7.2. Cabe ao CREDENCIADO:\n                            <ul>\t\n                                <li>7.2.1. Executar o servi&ccedil;o objeto do edital nos termos, prazos e condi&ccedil;&otilde;es especificados nele e seus anexos;<\/li>\n\t\n                                <li>7.2.2. Ap&oacute;s a convoca&ccedil;&atilde;o, firmar o Termo de Credenciamento no prazo m&aacute;ximo estabelecido, sob pena de aplica&ccedil;&atilde;o das san&ccedil;&otilde;es previstas;<\/li>\n\t\n                                <li>7.2.3. Disponibilizar equipe t&eacute;cnica m&iacute;nima de acordo com a legisla&ccedil;&atilde;o aplicada a contrata&ccedil;&atilde;o;<\/li>\n\t\n                                <li>7.2.4. A CREDENCIADA deve atender, dentre outras, &agrave;s seguintes premissas:<\/li>\n\t\n                                <li>7.2.5. Manter arquivo de anota&ccedil;&otilde;es onde constem data e circunst&acirc;ncias do atendimento, nome do paciente, respons&aacute;vel e demais dados que possibilitem sua identifica&ccedil;&atilde;o e a individualiza&ccedil;&atilde;o do atendimento;<\/li>\n\t\n                                <li>7.2.6. Garantir a confidencialidade dos dados e informa&ccedil;&otilde;es dos pacientes;<\/li>\n\t\n                                <li>7.2.7. Assegurar ao respons&aacute;vel legal pelo paciente o acesso ao seu prontu&aacute;rio e prestar esclarecimentos sobre os seus direitos e assuntos pertinentes aos servi&ccedil;os oferecidos.<\/li>\n\t\n                                <li>7.2.8. Justificar ao respons&aacute;vel legal pelo paciente, por escrito, as raz&otilde;es t&eacute;cnicas alegadas quando da decis&atilde;o da n&atilde;o realiza&ccedil;&atilde;o de qualquer ato profissional necess&aacute;rio &agrave; execu&ccedil;&atilde;o dos procedimentos previstos neste credenciamento.<\/li>\n\t\n                                <li>7.2.9. Responsabilizar-se por despesas de responsabilidade t&eacute;cnica e materiais necess&aacute;rios a execu&ccedil;&atilde;o dos servi&ccedil;os.<\/li>\n\t\n                                <li>7.2.10. Comunicar &agrave; Secretaria Municipal de Sa&uacute;de, imediatamente, a ocorr&ecirc;ncia da falta ou interrup&ccedil;&atilde;o dos servi&ccedil;os, independente do motivo.<\/li>\n\t\n                                <li>7.2.11. Observar que fica expressamente proibida transferir ou sub-rogar no todo ou em parte a execu&ccedil;&atilde;o das obriga&ccedil;&otilde;es assumidas no presente Termo de Credenciamento;<\/li>\n\t\n                                <li>7.2.12. Informar ao CREDENCIANTE atrav&eacute;s da Secretaria Municipal de Sa&uacute;de imediatamente, ap&oacute;s a constata&ccedil;&atilde;o de qualquer irregularidade decorrente da execu&ccedil;&atilde;o do presente instrumento;<\/li>\n\t\n                                <li>7.2.13. Consultar preliminarmente o CREDENCIANTE atrav&eacute;s da Secretaria Municipal de Sa&uacute;de de forma expressa, sobre qualquer altera&ccedil;&atilde;o quanto ao atendimento prestado para que o &oacute;rg&atilde;o competente manifeste a sua anu&ecirc;ncia ou n&atilde;o em prazo n&atilde;o superior a 5 (cinco) dias;<\/li>\n\t\n                                <li>7.2.14. Respeitar e atender rigorosamente no que couber todas as Leis Federais, Estaduais e Municipais aplic&aacute;veis a sua atividade bem como as novas exig&ecirc;ncias que venham a ser criadas por estas leis;<\/li>\n\t\n                                <li>7.2.15. Atender as determina&ccedil;&otilde;es do Fundo Municipal de Sa&uacute;de, atrav&eacute;s da Secretaria Municipal de Sa&uacute;de, transmitidas por escrito, quando tratar-se de assuntos que ofere&ccedil;am questionamento quanto a execu&ccedil;&atilde;o e fiel cumprimento da contrata&ccedil;&atilde;o;<\/li>\n\t\n                                <li>7.2.16. Cumprir fielmente as condi&ccedil;&otilde;es assumidas e enunciadas na contrata&ccedil;&atilde;o e de modo que os servi&ccedil;os objeto do presente processo licitat&oacute;rio sejam fornecidos nas quantidades e especifica&ccedil;&otilde;es requeridas pela Secretaria Municipal de Sa&uacute;de, de acordo com a necessidade;<\/li>\n\t\n                                <li>7.2.17. Realizar os atendimentos no limite dos recursos existentes, compromissando a empreender todos os esfor&ccedil;os necess&aacute;rios no sentido de incrementar a sua execu&ccedil;&atilde;o.<\/li>\n\t\n                                <li>7.2.18. Desde que n&atilde;o acarrete interfer&ecirc;ncias na realiza&ccedil;&atilde;o das atividades fins da CREDENCIADA, esta n&atilde;o poder&aacute; impor quaisquer embara&ccedil;os ou barreiras &agrave; fiscaliza&ccedil;&atilde;o por parte do Fundo Municipal de Sa&uacute;de, disposto a averiguar as condi&ccedil;&otilde;es de higiene e qualifica&ccedil;&atilde;o t&eacute;cnica do local onde ser&atilde;o prestados os servi&ccedil;os objeto da contrata&ccedil;&atilde;o.<\/li>\n\t\n                                <li>7.2.19. Em nenhuma hip&oacute;tese poder&aacute; a CREDENCIADA cobrar diretamente do benefici&aacute;rio ou de seus familiares qualquer valor relativo &agrave; presta&ccedil;&atilde;o do servi&ccedil;o, nem exigir destes a assinatura de fatura ou guia de atendimento em branco.<\/li>\n\t\n                                <li>7.2.20. N&atilde;o utilizar e n&atilde;o permitir que terceiros utilizem o paciente para fins de experimenta&ccedil;&atilde;o.<\/li>\n\t\n                                <li>7.2.21. Respeitar a decis&atilde;o do respons&aacute;vel legal pelo paciente ao consentir ou recusar a presta&ccedil;&atilde;o de servi&ccedil;o de sa&uacute;de, salvo nos casos de iminente perigo de vida ou obriga&ccedil;&atilde;o legal.<\/li>\n\t\n                                <li>7.2.22. Responsabilizar-se pela indeniza&ccedil;&atilde;o de danos e preju&iacute;zos materiais ou pessoais causado ao paciente, aos &oacute;rg&atilde;os da Contratante e a terceiros a eles vinculados, decorrente de a&ccedil;&atilde;o ou omiss&atilde;o volunt&aacute;ria.<\/li>\n\t\n                                <li>7.2.23. Manter, durante toda a execu&ccedil;&atilde;o do Termo de Credenciamento, as condi&ccedil;&otilde;es exigidas para o credenciamento.<\/li>\n\t\n                                <li>7.2.24. Fornecer mensalmente, relat&oacute;rios de atendimentos realizados;<\/li>\n\t\n                                <li>7.2.25. A CREDENCIADA dever&aacute; encaminhar mensalmente, juntamente com a nota fiscal, as autoriza&ccedil;&otilde;es emitidas pela Secretaria de Sa&uacute;de devidamente assinadas por paciente e prestador, para apura&ccedil;&atilde;o das sess&otilde;es realizadas.<\/li>\n\t\n                                <li>7.2.26. Assumir todos os encargos previdenci&aacute;rios e obriga&ccedil;&otilde;es sociais previstos na legisla&ccedil;&atilde;o social e trabalhista em vigor, obrigando-se a sald&aacute;-los na &eacute;poca pr&oacute;pria;<\/li>\n\t\n                                <li>7.2.27. Responsabilizar-se por todas as despesas diretas ou indiretas, tais como sal&aacute;rio, instala&ccedil;&atilde;o, transporte, alimenta&ccedil;&atilde;o, di&aacute;rias, indeniza&ccedil;&otilde;es civis e quaisquer outras que forem devidas a seus empregados na execu&ccedil;&atilde;o do objeto, ficando o Fundo Municipal de Sa&uacute;de de Luzerna\/SC e o Munic&iacute;pio de Luzerna\/SC isentos de qualquer v&iacute;nculo empregat&iacute;cio.<\/li>\n\t\n                                <li>7.2.28. Assumir inteira responsabilidade civil, administrativa e penal por quaisquer danos e preju&iacute;zos materiais ou pessoais causados pela CREDENCIADA, seus empregados, ou prepostos &agrave; CREDENCIANTE ou a terceiros.<\/li>\n\t\n                                <li>7.2.29. Notificar ao Munic&iacute;pio sobre eventual altera&ccedil;&atilde;o de sua raz&atilde;o social e de mudan&ccedil;a de diretoria, Contrato ou Estatuto, enviando, no prazo de 30 (trinta) dias, contados a partir da data de registro da altera&ccedil;&atilde;o, c&oacute;pia autenticada da Certid&atilde;o da Junta Comercial ou do Cart&oacute;rio de Registro das Pessoas Jur&iacute;dicas.<\/li>\n\t\n                                <li>7.2.30. A CREDENCIADA se compromete a disponibilizar ao Fundo Municipal de Sa&uacute;de sempre que solicitado informa&ccedil;&otilde;es sobre o paciente em atendimento.<\/li>\n\t\n                                <li>7.2.31. Se, no decorrer da vig&ecirc;ncia do Termo de Credenciamento, comprovar-se a m&aacute; qualidade na presta&ccedil;&atilde;o dos servi&ccedil;os, obriga-se a CREDENCIADA a refaz&ecirc;-los, sem qualquer custo adicional para o Fundo Municipal de Sa&uacute;de de Luzerna.<\/li>\n\t\n                                <li>7.2.32. A CREDENCIADA &eacute; respons&aacute;vel pelos danos eventualmente causados ao Munic&iacute;pio de Luzerna, decorrente de sua culpa ou dolo na execu&ccedil;&atilde;o das obriga&ccedil;&otilde;es decorrentes do instrumento contratual, sem que tal responsabilidade seja exclu&iacute;da ou reduzida pela fiscaliza&ccedil;&atilde;o e pelo acompanhamento do Fundo Municipal de Sa&uacute;de.<\/li>\n\t\n                                <li>7.2.33. Nos casos de suspeita de erro ou neglig&ecirc;ncia profissional o caso ser&aacute; encaminhado ao Conselho Regional da categoria para a decis&atilde;o e aplica&ccedil;&atilde;o da pena admiss&iacute;vel, sem preju&iacute;zo das penalidades Administrativas e\/ou judiciais cab&iacute;vel previstas ou n&atilde;o no Termo de Credenciamento.<\/li>\n\t\n                                <li>7.2.34. O presente instrumento n&atilde;o estabelece nenhum v&iacute;nculo de emprego entre a CREDENCIADA e o CREDENCIANTE, n&atilde;o gerando direito a indeniza&ccedil;&otilde;es trabalhistas, tais como FGTS, F&eacute;rias e pagamento de D&eacute;cimo Terceiro Sal&aacute;rio, sob qualquer t&iacute;tulo ou demais verbas rescis&oacute;rias de car&aacute;ter trabalhista.<\/li>\n\t\n                                <li>7.2.35. Os prestadores de servi&ccedil;os, pela natureza contratual do v&iacute;nculo, n&atilde;o far&atilde;o jus ao recebimento de nenhuma verba indenizat&oacute;ria, bem como f&eacute;rias ou adicionais de insalubridade e outros;<\/li>\n\t\n                                <li>7.2.36. A CREDENCIADA fica obrigada a enviar relat&oacute;rio dos servi&ccedil;os prestados mensalmente, junto com a nota fiscal eletr&ocirc;nica, o qual deve constar: a qualifica&ccedil;&atilde;o do usu&aacute;rio, toda e qualquer interven&ccedil;&atilde;o realizada pela equipe t&eacute;cnica ou demais profissionais em prol dos pacientes;<\/li>\n\t\n                                <li>7.2.37. Responsabilizar-se pelos v&iacute;cios e danos decorrentes do objeto, de acordo com o C&oacute;digo de Defesa do Consumidor (Lei n&ordm; 8.078, de 1990);<\/li>\n\t\n                                <li>7.2.38. Arcar com o &ocirc;nus decorrente de eventual equ&iacute;voco no dimensionamento dos quantitativos de sua proposta, inclusive quanto aos custos vari&aacute;veis decorrentes de fatores futuros e incertos, devendo complement&aacute;-los, caso o previsto inicialmente em sua proposta n&atilde;o seja satisfat&oacute;rio para o atendimento do objeto da contrata&ccedil;&atilde;o, exceto quando ocorrer algum dos eventos arrolados no art. 124, II, d, da Lei n&ordm; 14.133, de 2021. Para fins de atendimento ao disposto na Lei n&ordm; 13.709\/2018 &ndash; Lei Geral de Prote&ccedil;&atilde;o de Dados Pessoais (LGPD), as informa&ccedil;&otilde;es e dados apresentados para participar do processo licitat&oacute;rio, s&atilde;o de dom&iacute;nio p&uacute;blico, em raz&atilde;o dos princ&iacute;pios do interesse p&uacute;blico e da publicidade dos atos efetuados pela municipalidade.<\/li>\n\t\n                                <li>7.2.39. Para fins de atendimento ao disposto na Lei n&ordm; 13.709\/2018 &ndash; Lei Geral de Prote&ccedil;&atilde;o de Dados Pessoais (LGPD), as informa&ccedil;&otilde;es e dados apresentados para participar do processo licitat&oacute;rio, s&atilde;o de dom&iacute;nio p&uacute;blico, em raz&atilde;o dos princ&iacute;pios do interesse p&uacute;blico e da publicidade dos atos efetuados pela municipalidade<\/li>\n\t\n                                <li>7.2.40. A CREDENCIADA, obriga-se ainda, em atendimento ao disposto na Lei n&ordm; 13.709\/2018 &ndash; Lei Geral de Prote&ccedil;&atilde;o de Dados Pessoais (LGPD), a manter sigilo de todas as informa&ccedil;&otilde;es sobre os dados pessoais e dados pessoais sens&iacute;veis, repassados em decorr&ecirc;ncia da execu&ccedil;&atilde;o da contrata&ccedil;&atilde;o, sendo vedado o repasse dessas informa&ccedil;&otilde;es, salvo aquelas decorrentes de obriga&ccedil;&otilde;es legais ou para viabilizar o cumprimento do objeto Contratado.<\/li>\n\n                            <\/ul>\n\n                        <\/li>\n\t\n                        <li>7.3. OBRIGA&Ccedil;&Otilde;ES GERAIS DA CREDENCIADA:\n                            <ul>\t\n                                <li>7.1.1. Al&eacute;m das obriga&ccedil;&otilde;es discriminadas acima os CREDENCIADOS dever&atilde;o:\n                                    <ul>\t\n                                        <li>7.1.1.1. Manter atualizada a rela&ccedil;&atilde;o nominal dos profissionais de sa&uacute;de que executaram os servi&ccedil;os ora credenciado, comunicando imediatamente ao CREDENCIANTE as eventuais altera&ccedil;&otilde;es.<\/li>\n\t\n                                        <li>7.1.1.2. Manter enquanto durar o contrato todas as condi&ccedil;&otilde;es que ensejarem o credenciamento, particularmente no que se refere a atualiza&ccedil;&atilde;o de documentos.<\/li>\n\t\n                                        <li>7.1.1.3. Efetuar o pagamento de encargos fiscais e sociais, bem como quaisquer despesas diretas e\/ou indiretas relacionadas a execu&ccedil;&atilde;o do contrato.<\/li>\n\t\n                                        <li>7.1.1.4. Comunicar ao gestor e fiscal do contrato, de forma clara e detalhada, todas as ocorr&ecirc;ncias anormais verificadas na execu&ccedil;&atilde;o dos servi&ccedil;os.<\/li>\n\t\n                                        <li>7.1.1.5. Disponibilizar profissionais capacitados e habilitados para o exerc&iacute;cio da terapia ocupacional.<\/li>\n\n                                    <\/ul>\n\n                                <\/li>\n\n                            <\/ul>\n\n                        <\/li>\n\t\n                        <li>7.4. Da Subcontrata&ccedil;&atilde;o:\n                            <ul>\t\n                                <li>7.4.1. &Eacute; vedada a subcontrata&ccedil;&atilde;o, no todo ou em parte do objeto licitado, devendo ser prestado pela Contratada.<\/li>\n\n                            <\/ul>\n\n                        <\/li>\n\t\n                        <li>8.1. Comete infra&ccedil;&atilde;o administrativa, nos termos da Lei 14.133\/2021, o contratado que:<\/li>\n\t\n                        <li>8.2. Ser&atilde;o aplicadas ao contratado que incorrer nas infra&ccedil;&otilde;es acima descritas as seguintes san&ccedil;&otilde;es:\n                            <ul>\t\n                                <li>8.2.1. Advert&ecirc;ncia, quando o contratado der causa &agrave; inexecu&ccedil;&atilde;o parcial do contrato, sempre que n&atilde;o se justificar a imposi&ccedil;&atilde;o de penalidade mais grave (art. 156, &sect;2&ordm;, da Lei n&ordm; 14.133, de 2021);<\/li>\n\t\n                                <li>8.2.2. Impedimento de licitar e contratar, quando praticadas as condutas descritas nas al&iacute;neas &ldquo;b&rdquo;, &ldquo;c&rdquo; e &ldquo;d&rdquo; do subitem acima deste Contrato, sempre que n&atilde;o se justificar a imposi&ccedil;&atilde;o de penalidade mais grave (art. 156, &sect; 4&ordm;, da Lei n&ordm; 14.133, de 2021);<\/li>\n\t\n                                <li>8.2.3. Declara&ccedil;&atilde;o de inidoneidade para licitar e contratar, quando praticadas as condutas descritas nas al&iacute;neas &ldquo;e&rdquo;, &ldquo;f&rdquo;, &ldquo;g&rdquo; e &ldquo;h&rdquo; do subitem acima deste Contrato, bem como nas al&iacute;neas &ldquo;b&rdquo;, &ldquo;c&rdquo; e &ldquo;d&rdquo;, que justifiquem a imposi&ccedil;&atilde;o de penalidade mais grave (art. 156, &sect;5&ordm;, da Lei n&ordm; 14.133, de 2021).<\/li>\n\t\n                                <li>8.2.4. Multa:\n                                    <ul>\t\n                                        <li>8.2.4.1. Na ocorr&ecirc;ncia de atraso injustificado para assinatura do Contrato, para o in&iacute;cio da execu&ccedil;&atilde;o dos servi&ccedil;os ou entrega dos materiais, inexecu&ccedil;&atilde;o parcial ou total do contrato, as multas a serem aplicadas observar&atilde;o os seguintes par&acirc;metros:<\/li>\n\t\n                                        <li>8.2.4.2. Ser&aacute; configurada a inexecu&ccedil;&atilde;o total do objeto, quando:<\/li>\n\t\n                                        <li>8.2.4.3. O valor da multa poder&aacute; ser descontado do pagamento a ser efetuado &agrave; proponente Contratada:<\/li>\n\n                                    <\/ul>\n\n                                <\/li>\n\n                            <\/ul>\n\n                        <\/li>\n\t\n                        <li>8.3. A aplica&ccedil;&atilde;o das san&ccedil;&otilde;es previstas neste Contrato n&atilde;o exclui, em hip&oacute;tese alguma, a obriga&ccedil;&atilde;o de repara&ccedil;&atilde;o integral do dano causado ao Contratante (art. 156, &sect;9&ordm;, da Lei n&ordm; 14.133, de 2021).<\/li>\n\t\n                        <li>8.4. Todas as san&ccedil;&otilde;es previstas neste Contrato poder&atilde;o ser aplicadas cumulativamente com a multa (art. 156, &sect;7&ordm;, da Lei n&ordm; 14.133, de 2021).\n                            <ul>\t\n                                <li>8.4.1. Antes da aplica&ccedil;&atilde;o da multa ser&aacute; facultada a defesa do interessado no prazo de 15 (quinze) dias &uacute;teis, contado da data de sua intima&ccedil;&atilde;o (art. 157, da Lei n&ordm; 14.133, de 2021).<\/li>\n\t\n                                <li>8.4.2. Se a multa aplicada e as indeniza&ccedil;&otilde;es cab&iacute;veis forem superiores ao valor do pagamento eventualmente devido pelo Contratante ao Contratado, al&eacute;m da perda desse valor, a diferen&ccedil;a ser&aacute; descontada da garantia prestada ou ser&aacute; cobrada judicialmente (art. 156, &sect;8&ordm;, da Lei n&ordm; 14.133, de 2021).<\/li>\n\t\n                                <li>8.4.3. Previamente ao encaminhamento &agrave; cobran&ccedil;a judicial, a multa poder&aacute; ser recolhida administrativamente no prazo m&aacute;ximo de 30 (trinta) dias, a contar da data do recebimento da comunica&ccedil;&atilde;o enviada pela autoridade competente.<\/li>\n\n                            <\/ul>\n\n                        <\/li>\n\t\n                        <li>8.5. A aplica&ccedil;&atilde;o das san&ccedil;&otilde;es realizar-se-&aacute; em processo administrativo que assegure o contradit&oacute;rio e a ampla defesa ao Contratado, observando-se o procedimento previsto no caput e par&aacute;grafos do art. 158 da Lei n&ordm; 14.133, de 2021, para as penalidades de impedimento de licitar e contratar e de declara&ccedil;&atilde;o de inidoneidade para licitar ou contratar.<\/li>\n\t\n                        <li>8.6. Na aplica&ccedil;&atilde;o das san&ccedil;&otilde;es ser&atilde;o considerados (art. 156, &sect;1&ordm;, da Lei n&ordm; 14.133, de 2021):<\/li>\n\n                    <\/ul>\n\n                <\/li>\n\n            <\/ul>\n\n            <p\/>\n\n            <p\/>\n\n            <p\/>\n\n            <p\/>\n\n            <p\/>\n\n            <p>CL&Aacute;USULA S&Eacute;TIMA<\/p>\n\n            <p>DAS OBRIGA&Ccedil;&Otilde;ES<\/p>\n\n            <p\/>\n\n            <p\/>\n\n            <p\/>\n\n            <p\/>\n\n            <p\/>\n\n            <p\/>\n\n            <p>CLA&Uacute;SULA OITAVA<\/p>\n\n            <p>DAS INFRA&Ccedil;&Otilde;ES E SAN&Ccedil;&Otilde;ES ADMINISTRATIVAS<\/p>\n\n            <p\/>\n\n            <ul>\t\n                <li>a) der causa &agrave; inexecu&ccedil;&atilde;o parcial do contrato;<\/li>\n\t\n                <li>b) der causa &agrave; inexecu&ccedil;&atilde;o parcial do contrato que cause grave dano &agrave; Administra&ccedil;&atilde;o ou ao funcionamento dos servi&ccedil;os p&uacute;blicos ou ao interesse coletivo;<\/li>\n\t\n                <li>c) der causa &agrave; inexecu&ccedil;&atilde;o total do contrato;<\/li>\n\t\n                <li>d) ensejar o retardamento da execu&ccedil;&atilde;o ou da entrega do objeto da contrata&ccedil;&atilde;o sem motivo justificado;<\/li>\n\t\n                <li>e) apresentar documenta&ccedil;&atilde;o falsa ou prestar declara&ccedil;&atilde;o falsa durante a execu&ccedil;&atilde;o do contrato;<\/li>\n\t\n                <li>f) praticar ato fraudulento na execu&ccedil;&atilde;o do contrato;<\/li>\n\t\n                <li>g) comportar-se de modo inid&ocirc;neo ou cometer fraude de qualquer natureza;<\/li>\n\t\n                <li>h) praticar ato lesivo previsto no art. 5&ordm; da Lei n&ordm; 12.846, de 1&ordm; de agosto de 2013.<\/li>\n\n            <\/ul>\n\n            <p\/>\n\n            <ul>\t\n                <li>i) 0,5% (cinco d&eacute;cimos por cento) do valor do contrato por dia de mora na assinatura deste ou atraso no in&iacute;cio da execu&ccedil;&atilde;o dos servi&ccedil;os ou entrega dos materiais, at&eacute; o m&aacute;ximo de 3,5% (tr&ecirc;s inteiros e cinco d&eacute;cimos por cento), o que configurar&aacute; a inexecu&ccedil;&atilde;o total do contrato, sem preju&iacute;zo da rescis&atilde;o unilateral da aven&ccedil;a;<\/li>\n\t\n                <li>ii) At&eacute; o m&aacute;ximo de 20% (vinte por cento) do valor do contrato no caso de inexecu&ccedil;&atilde;o parcial do contrato;<\/li>\n\t\n                <li>iii) 30% (trinta por cento) do valor do contrato no caso de inexecu&ccedil;&atilde;o total do contrato.<\/li>\n\t\n                <li>i) Houver atraso injustificado, do in&iacute;cio dos servi&ccedil;os ou entrega dos materiais, na totalidade requerida, por mais de 07 (sete) dias corridos ap&oacute;s o recebimento pel Contratada da ordem de servi&ccedil;os.<\/li>\n\t\n                <li>ii) 13.6.2. Todos os servi&ccedil;os executados n&atilde;o forem aceitos pelo Munic&iacute;pio por n&atilde;o atenderem &agrave;s especifica&ccedil;&otilde;es deste documento, durante 30 (trinta) dias consecutivos de presta&ccedil;&atilde;o dos servi&ccedil;os ou entrega de materiais.<\/li>\n\t\n                <li>i) Se o valor a ser pago &agrave; proponente Contratada n&atilde;o for suficiente para cobrir o valor da multa, fica esta obrigada a recolher a import&acirc;ncia devida no prazo de 10 (dez) dias &uacute;teis, contado da comunica&ccedil;&atilde;o oficial.<\/li>\n\t\n                <li>ii) Esgotados os meios administrativos para cobran&ccedil;a do valor devido pela proponente Contratada ao Munic&iacute;pio, este ser&aacute; encaminhado para inscri&ccedil;&atilde;o em d&iacute;vida ativa.<\/li>\n\n            <\/ul>\n\n            <p\/>\n\n            <p\/>\n\n            <p\/>\n\n            <p\/>\n\n            <ul>\t\n                <li>a) a natureza e a gravidade da infra&ccedil;&atilde;o cometida;<\/li>\n\t\n                <li>b) as peculiaridades do caso concreto;<\/li>\n\t\n                <li>c) as circunst&acirc;ncias agravantes ou atenuantes;<\/li>\n\t\n                <li>d) os danos que dela provierem para o Contratante;<\/li>\n\t\n                <li>e) a implanta&ccedil;&atilde;o ou o aperfei&ccedil;oamento de programa de integridade, conforme normas e orienta&ccedil;&otilde;es<\/li>\n\n            <\/ul>\n\n            <ul>\t\n                <li>dos &oacute;rg&atilde;os de controle.\n                    <ul>\t\n                        <li>8.7. Os atos previstos como infra&ccedil;&otilde;es administrativas na Lei n&ordm; 14.133, de 2021, ou em outras leis de licita&ccedil;&otilde;es e contratos da Administra&ccedil;&atilde;o P&uacute;blica que tamb&eacute;m sejam tipificados como atos lesivos na Lei n&ordm; 12.846, de 2013, ser&atilde;o apurados e julgados conjuntamente, nos mesmos autos, observados o rito procedimental e autoridade competente definidos na referida Lei (art. 159).<\/li>\n\t\n                        <li>8.8. A personalidade jur&iacute;dica do Contratado poder&aacute; ser desconsiderada sempre que utilizada com abuso do direito para facilitar, encobrir ou dissimular a pr&aacute;tica dos atos il&iacute;citos previstos neste Contrato ou para provocar confus&atilde;o patrimonial, e, nesse caso, todos os efeitos das san&ccedil;&otilde;es aplicadas &agrave; pessoa jur&iacute;dica ser&atilde;o estendidos aos seus administradores e s&oacute;cios com poderes de administra&ccedil;&atilde;o, &agrave; pessoa jur&iacute;dica sucessora ou &agrave; empresa do mesmo ramo com rela&ccedil;&atilde;o de coliga&ccedil;&atilde;o ou controle, de fato ou de direito, com o Contratado, observados, em todos os casos, o contradit&oacute;rio, a ampla defesa e a obrigatoriedade de an&aacute;lise jur&iacute;dica pr&eacute;via (art. 160, da Lei n&ordm; 14.133, de 2021).<\/li>\n\t\n                        <li>8.9. O Contratante dever&aacute;, no prazo m&aacute;ximo 15 (quinze) dias &uacute;teis, contado da data de aplica&ccedil;&atilde;o da san&ccedil;&atilde;o, informar e manter atualizados os dados relativos &agrave;s san&ccedil;&otilde;es por ela aplicadas, para fins de publicidade no Cadastro Nacional de Empresas Inid&ocirc;neas e Suspensas (Ceis) e no Cadastro Nacional de Empresas Punidas (Cnep), institu&iacute;dos no &acirc;mbito do Poder Executivo Federal. (Art. 161, da Lei n&ordm; 14.133, de 2021).<\/li>\n\t\n                        <li>8.10. As san&ccedil;&otilde;es de impedimento de licitar e contratar e declara&ccedil;&atilde;o de inidoneidade para licitar ou contratar s&atilde;o pass&iacute;veis de reabilita&ccedil;&atilde;o na forma do art. 163 da Lei n&ordm; 14.133\/21.<\/li>\n\t\n                        <li>8.11. Os d&eacute;bitos do contratado para com a Administra&ccedil;&atilde;o contratante, resultantes de multa administrativa e\/ou indeniza&ccedil;&otilde;es, n&atilde;o inscritos em d&iacute;vida ativa, poder&atilde;o ser compensados, total ou parcialmente, com os cr&eacute;ditos devidos pelo referido &oacute;rg&atilde;o decorrentes deste mesmo contrato ou de outros contratos administrativos que o contratado possua com o mesmo &oacute;rg&atilde;o ora contratante.<\/li>\n\t\n                        <li>9.1. O contrato pode ser extinto antes de cumpridas as obriga&ccedil;&otilde;es nele estipuladas, ou antes do prazo nele fixado, por algum dos motivos previstos no artigo 137 da Lei n&ordm; 14.133\/21, bem como amigavelmente, assegurados o contradit&oacute;rio e a ampla defesa.\n                            <ul>\t\n                                <li>9.1.1. Nesta hip&oacute;tese, aplicam-se tamb&eacute;m os artigos 138 e 139 da mesma Lei.<\/li>\n\t\n                                <li>9.1.2. A altera&ccedil;&atilde;o social ou a modifica&ccedil;&atilde;o da finalidade ou da estrutura da empresa n&atilde;o ensejar&aacute; a rescis&atilde;o se n&atilde;o restringir sua capacidade de concluir o contrato.<\/li>\n\t\n                                <li>9.1.3. Se a opera&ccedil;&atilde;o implicar mudan&ccedil;a da pessoa jur&iacute;dica contratada, dever&aacute; ser formalizado termo aditivo para altera&ccedil;&atilde;o subjetiva.<\/li>\n\n                            <\/ul>\n\n                        <\/li>\n\t\n                        <li>9.2. O termo de rescis&atilde;o, sempre que poss&iacute;vel, ser&aacute; precedido:\n                            <ul>\t\n                                <li>9.2.1. Balan&ccedil;o dos eventos contratuais j&aacute; cumpridos ou parcialmente cumpridos;<\/li>\n\t\n                                <li>9.2.2. Rela&ccedil;&atilde;o dos pagamentos j&aacute; efetuados e ainda devidos;<\/li>\n\t\n                                <li>9.2.3. Indeniza&ccedil;&otilde;es e multas.<\/li>\n\n                            <\/ul>\n\n                        <\/li>\n\t\n                        <li>9.3. A extin&ccedil;&atilde;o do contrato n&atilde;o configura &oacute;bice para o reconhecimento do desequil&iacute;brio econ&ocirc;mico-financeiro, hip&oacute;tese em que ser&aacute; concedida indeniza&ccedil;&atilde;o por meio de termo indenizat&oacute;rio (art. 131, caput, da Lei n.&ordm; 14.133, de 2021).<\/li>\n\t\n                        <li>10.2.  Para todas as contrata&ccedil;&otilde;es dos credenciados, decorrentes do Credenciamento FMS 1\/2025, o valor total anual de at&eacute; R$ 750.000,00 (setecentos e cinquenta mil reais).<\/li>\n\t\n                        <li>11.1. O prazo de vig&ecirc;ncia da contrata&ccedil;&atilde;o &eacute; de 1 (um) ano contados de 28 de fevereiro de 2025, prorrog&aacute;vel, na forma dos artigos 106 e 107 da Lei n&deg; 14.133, de 2021.<\/li>\n\t\n                        <li>11.2. A prorroga&ccedil;&atilde;o de que trata este item &eacute; condicionada ao ateste, pela CONTRATANTE de que as condi&ccedil;&otilde;es e os pre&ccedil;os permanecem vantajosos para a Administra&ccedil;&atilde;o, permitida a negocia&ccedil;&atilde;o com o CONTRATADO.<\/li>\n\t\n                        <li>11.3. O CONTRATADO n&atilde;o tem direito subjetivo &agrave; prorroga&ccedil;&atilde;o contratual.<\/li>\n\t\n                        <li>11.4. A prorroga&ccedil;&atilde;o de contrato dever&aacute; ser promovida mediante celebra&ccedil;&atilde;o de termo aditivo.<\/li>\n\t\n                        <li>11.5. O contrato n&atilde;o poder&aacute; ser prorrogado quando o CONTRATADO tiver sido penalizado nas san&ccedil;&otilde;es de declara&ccedil;&atilde;o de inidoneidade ou impedimento de licitar e contratar com poder p&uacute;blico, observadas as abrang&ecirc;ncias de aplica&ccedil;&atilde;o.<\/li>\n\t\n                        <li>12.1. Os casos omissos ser&atilde;o decididos pelo contratante, segundo as disposi&ccedil;&otilde;es contidas na Lei n&ordm; 14.133, de 2021, e demais normas aplic&aacute;veis e, subsidiariamente, segundo as disposi&ccedil;&otilde;es contidas na Lei n&ordm; 8.078, de 1990 &ndash; C&oacute;digo de Defesa do Consumidor &ndash; e normas e princ&iacute;pios gerais dos contratos.<\/li>\n\t\n                        <li>13.1. Incumbir&aacute; ao contratante divulgar o presente instrumento no Portal Nacional de Contrata&ccedil;&otilde;es P&uacute;blicas (PNCP), na forma prevista no art. 94 da Lei 14.133, de 2021, bem como no respectivo s&iacute;tio oficial na Internet e em aten&ccedil;&atilde;o ao art. 8&ordm;, &sect;2&ordm;, da Lei n. 12.527, de 2011.<\/li>\n\t\n                        <li>14.1. Fica eleito o foro de Comarca de Joa&ccedil;aba\/SC, para dirimir d&uacute;vidas e qualquer lit&iacute;gio oriundo deste Contrato.<\/li>\n\t\n                        <li>15.1. Incumbir&aacute; ao contratante divulgar o presente instrumento no Portal Nacional de Contrata&ccedil;&otilde;es P&uacute;blicas (PNCP), na forma prevista no art. 94 da Lei 14.133, de 2021, bem como no respectivo s&iacute;tio oficial na Internet e em aten&ccedil;&atilde;o ao art. 8&ordm;, &sect;2&ordm;, da Lei n. 12.527, de 2011.<\/li>\n\n                    <\/ul>\n\n                <\/li>\n\n            <\/ul>\n\n            <p\/>\n\n            <p\/>\n\n            <p\/>\n\n            <p\/>\n\n            <p\/>\n\n            <p\/>\n\n            <p\/>\n\n            <p>CL&Aacute;USULA NONA<\/p>\n\n            <p>DA EXTIN&Ccedil;&Atilde;O CONTRATUAL<\/p>\n\n            <p\/>\n\n            <p\/>\n\n            <p\/>\n\n            <p\/>\n\n            <p\/>\n\n            <p>CL&Aacute;USULA D&Eacute;CIMA<\/p>\n\n            <p>DAS DOTA&Ccedil;&Otilde;ES OR&Ccedil;AMENT&Aacute;RIAS<\/p>\n\n            <p\/>\n\n            <p>10.1. As despesas provenientes da execu&ccedil;&atilde;o do Edital correr&atilde;o por conta das Dota&ccedil;&otilde;es Or&ccedil;ament&aacute;rias pr&oacute;prias, consignadas nos or&ccedil;amentos da Unidade Gestora Central &ndash; Prefeitura de Luzerna\/SC ou dos Fundos Especiais, durante a vig&ecirc;ncia da presente Contrato, nos termos que segue, de acordo com o Parecer Cont&aacute;bil:<\/p>\n\n            <p\/>\n\n            <p>A&ccedil;&atilde;o (s): 05.001.10.301.500.2.502 - Manuten&ccedil;&atilde;o do bloco da Aten&ccedil;&atilde;o B&aacute;sica<\/p>\n\n            <p>Modalidade de Aplica&ccedil;&atilde;o (s):  3.3.90. Outras despesas correntes - Aplica&ccedil;&otilde;es diretas<\/p>\n\n            <p>Fonte (s): 1.500.1002.00 - Rec. de Imp. e Transf. de Impostos &ndash; Sa&uacute;de<\/p>\n\n            <p\/>\n\n            <p\/>\n\n            <p\/>\n\n            <p>CL&Aacute;USULA D&Eacute;CIMA PRIMEIRA<\/p>\n\n            <p>DA VIG&Ecirc;NCIA<\/p>\n\n            <p\/>\n\n            <p\/>\n\n            <p\/>\n\n            <p>CL&Aacute;USULA D&Eacute;CIMA SEGUNDA<\/p>\n\n            <p>DOS CASOS OMISSOS<\/p>\n\n            <p\/>\n\n            <p\/>\n\n            <p\/>\n\n            <p>CL&Aacute;USULA D&Eacute;CIMA TERCEIRA<\/p>\n\n            <p>DA PUBLICA&Ccedil;&Atilde;O<\/p>\n\n            <p\/>\n\n            <p\/>\n\n            <p\/>\n\n            <p>CL&Aacute;USULA D&Eacute;CIMA QUARTA<\/p>\n\n            <p>DO FORO<\/p>\n\n            <p\/>\n\n            <p\/>\n\n            <p\/>\n\n            <p>CL&Aacute;USULA D&Eacute;CIMA QUINTA<\/p>\n\n            <p>DA RATIFICA&Ccedil;&Atilde;O E PUBLICA&Ccedil;&Atilde;O<\/p>\n\n            <p\/>\n\n            <p\/>\n\n            <p>E, por estarem justas e contratadas, lavra-se o presente Contrato, assinada de forma eletr&ocirc;nica de acordo com a Lei Federal n&ordm; 14.063, de 23 de setembro de 2020 e no Decreto n&ordm; 3.068, de 29 de abril de 2021, para que produzam os devidos efeitos.<\/p>\n\n            <p\/>\n\n            <p\/>\n\n            <p>Luzerna\/SC, de 28 de fevereiro de 2025.<\/p>\n\n            <p\/>\n\n            <p\/>\n\n            <p>GABRIELA MAZZARINO<\/p>\n\n            <p>SECRET&Aacute;RIA DE SA&Uacute;DE<\/p>\n\n            <p>MUNICIPIO DE LUZERNA<\/p>\n\n            <p\/>\n\n            <p\/>\n\n            <p>FABIO JUNIOR SARMENTO<\/p>\n\n            <p>FABIO JUNIOR SARMENTO<\/p>\n\n            <p>CONTRATADA<\/p>\n\n            <p\/>\n\n            <p\/>\n\n            <p\/>\n\n            <p>TESTEMUNHAS:<\/p>\n\n            <p\/>\n\n            <p>1. --------------------------------------------    2. -------------------------------------------<\/p>\n\n            <p>Nome:     Nome:<\/p>\n\n            <p>CPF:       CPF:<\/p>\n\n            <p\/>\n\n        <\/body>\n        <p>  ESTADO DE SANTA CATARINA MUNIC&Iacute;PIO DE LUZERNA SETOR DE LICITA&Ccedil;&Otilde;ES Av. 16 de Fevereiro, n&ordm; 151, Centro, Luzerna\/SC, 89609-000 (49) 3551-4700 | www.luzerna.sc.gov.br | assadministrativo@luzerna.sc.gov.br  \nP&aacute;gina 10 de 12 <\/p>\n\n        <p>  ESTADO DE SANTA CATARINA MUNIC&Iacute;PIO DE LUZERNA SETOR DE LICITA&Ccedil;&Otilde;ES Av. 16 de Fevereiro, n&ordm; 151, Centro, Luzerna\/SC, 89609-000 (49) 3551-4700 | www.luzerna.sc.gov.br | assadministrativo@luzerna.sc.gov.br  \nP&aacute;gina 3 de 12 <\/p>\n\n        <p>  ESTADO DE SANTA CATARINA MUNIC&Iacute;PIO DE LUZERNA SETOR DE LICITA&Ccedil;&Otilde;ES Av. 16 de Fevereiro, n&ordm; 151, Centro, Luzerna\/SC, 89609-000 (49) 3551-4700 | www.luzerna.sc.gov.br | assadministrativo@luzerna.sc.gov.br  \nP&aacute;gina 4 de 12 <\/p>\n\n        <p>  ESTADO DE SANTA CATARINA MUNIC&Iacute;PIO DE LUZERNA SETOR DE LICITA&Ccedil;&Otilde;ES Av. 16 de Fevereiro, n&ordm; 151, Centro, Luzerna\/SC, 89609-000 (49) 3551-4700 | www.luzerna.sc.gov.br | assadministrativo@luzerna.sc.gov.br  \nP&aacute;gina 6 de 12 <\/p>\n\n        <p>  ESTADO DE SANTA CATARINA MUNIC&Iacute;PIO DE LUZERNA SETOR DE LICITA&Ccedil;&Otilde;ES Av. 16 de Fevereiro, n&ordm; 151, Centro, Luzerna\/SC, 89609-000 (49) 3551-4700 | www.luzerna.sc.gov.br | assadministrativo@luzerna.sc.gov.br  \nP&aacute;gina 12 de 12 <\/p>\n\n        <p>  ESTADO DE SANTA CATARINA MUNIC&Iacute;PIO DE LUZERNA SETOR DE LICITA&Ccedil;&Otilde;ES Av. 16 de Fevereiro, n&ordm; 151, Centro, Luzerna\/SC, 89609-000 (49) 3551-4700 | www.luzerna.sc.gov.br | assadministrativo@luzerna.sc.gov.br  \nP&aacute;gina 8 de 12 <\/p>\n\n        <p>  ESTADO DE SANTA CATARINA MUNIC&Iacute;PIO DE LUZERNA SETOR DE LICITA&Ccedil;&Otilde;ES Av. 16 de Fevereiro, n&ordm; 151, Centro, Luzerna\/SC, 89609-000 (49) 3551-4700 | www.luzerna.sc.gov.br | assadministrativo@luzerna.sc.gov.br  \nP&aacute;gina 9 de 12 <\/p>\n\n        <p>  ESTADO DE SANTA CATARINA MUNIC&Iacute;PIO DE LUZERNA SETOR DE LICITA&Ccedil;&Otilde;ES Av. 16 de Fevereiro, n&ordm; 151, Centro, Luzerna\/SC, 89609-000 (49) 3551-4700 | www.luzerna.sc.gov.br | assadministrativo@luzerna.sc.gov.br  \nP&aacute;gina 2 de 12 <\/p>\n\n        <p>  ESTADO DE SANTA CATARINA MUNIC&Iacute;PIO DE LUZERNA SETOR DE LICITA&Ccedil;&Otilde;ES Av. 16 de Fevereiro, n&ordm; 151, Centro, Luzerna\/SC, 89609-000 (49) 3551-4700 | www.luzerna.sc.gov.br | assadministrativo@luzerna.sc.gov.br  \nP&aacute;gina 1 de 12 \n\n\n\n\n\n\n<\/p>\n\n        <p>  ESTADO DE SANTA CATARINA MUNIC&Iacute;PIO DE LUZERNA SETOR DE LICITA&Ccedil;&Otilde;ES Av. 16 de Fevereiro, n&ordm; 151, Centro, Luzerna\/SC, 89609-000 (49) 3551-4700 | www.luzerna.sc.gov.br | assadministrativo@luzerna.sc.gov.br  \nP&aacute;gina 11 de 12 <\/p>\n\n        <p>  ESTADO DE SANTA CATARINA MUNIC&Iacute;PIO DE LUZERNA SETOR DE LICITA&Ccedil;&Otilde;ES Av. 16 de Fevereiro, n&ordm; 151, Centro, Luzerna\/SC, 89609-000 (49) 3551-4700 | www.luzerna.sc.gov.br | assadministrativo@luzerna.sc.gov.br  \nP&aacute;gina 5 de 12 <\/p>\n\n        <p>  ESTADO DE SANTA CATARINA MUNIC&Iacute;PIO DE LUZERNA SETOR DE LICITA&Ccedil;&Otilde;ES Av. 16 de Fevereiro, n&ordm; 151, Centro, Luzerna\/SC, 89609-000 (49) 3551-4700 | www.luzerna.sc.gov.br | assadministrativo@luzerna.sc.gov.br  \nP&aacute;gina 7 de 12 <\/p>\n\n        <div class=\"page\">\n            <p\/>\n\n        <\/div>\n\n        <div class=\"page\">\n            <p\/>\n\n        <\/div>\n\n        <div class=\"page\">\n            <p\/>\n\n        <\/div>\n\n        <div class=\"page\">\n            <p\/>\n\n        <\/div>\n\n        <div class=\"page\">\n            <p\/>\n\n        <\/div>\n\n        <div class=\"page\">\n            <p\/>\n\n        <\/div>\n\n        <div class=\"page\">\n            <p\/>\n\n        <\/div>\n\n        <div class=\"page\">\n            <p\/>\n\n        <\/div>\n\n        <div class=\"page\">\n            <p\/>\n\n        <\/div>\n\n        <div class=\"page\">\n            <p\/>\n\n        <\/div>\n\n        <div class=\"page\">\n            <p\/>\n\n        <\/div>\n\n        <div class=\"page\">\n            <p\/>\n\n        <\/div>\n\n    <\/body>\n<\/html>\n","url":"https:\/\/www.diariomunicipal.sc.gov.br\/arquivosbd\/atos\/2025\/03\/1740940750_1.2025__fabio_junior_sarmento_extrato.pdf"}]}