{"autopublicacoes":[{"codigo":"3435812","titulo":"PORTARIA 28.492","data":"2025-03-01 12:14:48","cod_registro_info_sfinge":null,"municipio":"Pomerode","entidade":"Prefeitura municipal de Pomerode","categoria":"Portarias","link":"https:\/\/www.diariomunicipal.sc.gov.br\/?q=id:3435812","texto":"<html xmlns=\"http:\/\/www.w3.org\/1999\/xhtml\">\n\n    <head>\n\n        <meta name=\"date\" content=\"2021-11-29T15:59:11Z\"\/>\n\n        <meta name=\"pdf:PDFVersion\" content=\"1.7\"\/>\n\n        <meta name=\"pdf:docinfo:title\" content=\"Microsoft Word - 28.492- Cessa gratifica&Atilde;&sect;&Atilde;&pound;o a pedido EDOARDO RIEMER\"\/>\n\n        <meta name=\"pdf:hasXFA\" content=\"false\"\/>\n\n        <meta name=\"access_permission:modify_annotations\" content=\"true\"\/>\n\n        <meta name=\"access_permission:can_print_degraded\" content=\"true\"\/>\n\n        <meta name=\"dc:creator\" content=\"Adm\"\/>\n\n        <meta name=\"dcterms:created\" content=\"2021-11-29T15:59:11Z\"\/>\n\n        <meta name=\"Last-Modified\" content=\"2021-11-29T15:59:11Z\"\/>\n\n        <meta name=\"dcterms:modified\" content=\"2021-11-29T15:59:11Z\"\/>\n\n        <meta name=\"dc:format\" content=\"application\/pdf; version=1.7\"\/>\n\n        <meta name=\"Last-Save-Date\" content=\"2021-11-29T15:59:11Z\"\/>\n\n        <meta name=\"access_permission:fill_in_form\" content=\"true\"\/>\n\n        <meta name=\"pdf:docinfo:modified\" content=\"2021-11-29T15:59:11Z\"\/>\n\n        <meta name=\"meta:save-date\" content=\"2021-11-29T15:59:11Z\"\/>\n\n        <meta name=\"pdf:encrypted\" content=\"false\"\/>\n\n        <meta name=\"dc:title\" content=\"Microsoft Word - 28.492- Cessa gratifica&Atilde;&sect;&Atilde;&pound;o a pedido EDOARDO RIEMER\"\/>\n\n        <meta name=\"modified\" content=\"2021-11-29T15:59:11Z\"\/>\n\n        <meta name=\"pdf:hasMarkedContent\" content=\"false\"\/>\n\n        <meta name=\"Content-Type\" content=\"application\/pdf\"\/>\n\n        <meta name=\"pdf:docinfo:creator\" content=\"Adm\"\/>\n\n        <meta name=\"X-Parsed-By\" content=\"org.apache.tika.parser.CompositeParser\"\/>\n\n        <meta name=\"X-Parsed-By\" content=\"org.apache.tika.parser.pdf.PDFParser\"\/>\n\n        <meta name=\"creator\" content=\"Adm\"\/>\n\n        <meta name=\"meta:author\" content=\"Adm\"\/>\n\n        <meta name=\"meta:creation-date\" content=\"2021-11-29T15:59:11Z\"\/>\n\n        <meta name=\"created\" content=\"2021-11-29T15:59:11Z\"\/>\n\n        <meta name=\"access_permission:extract_for_accessibility\" content=\"true\"\/>\n\n        <meta name=\"access_permission:assemble_document\" content=\"true\"\/>\n\n        <meta name=\"xmpTPg:NPages\" content=\"1\"\/>\n\n        <meta name=\"Creation-Date\" content=\"2021-11-29T15:59:11Z\"\/>\n\n        <meta name=\"pdf:hasXMP\" content=\"false\"\/>\n\n        <meta name=\"access_permission:extract_content\" content=\"true\"\/>\n\n        <meta name=\"access_permission:can_print\" content=\"true\"\/>\n\n        <meta name=\"Author\" content=\"Adm\"\/>\n\n        <meta name=\"producer\" content=\"Microsoft: Print To PDF\"\/>\n\n        <meta name=\"access_permission:can_modify\" content=\"true\"\/>\n\n        <meta name=\"pdf:docinfo:producer\" content=\"Microsoft: Print To PDF\"\/>\n\n        <meta name=\"pdf:docinfo:created\" content=\"2021-11-29T15:59:11Z\"\/>\n\n        <title>Microsoft Word - 28.492- Cessa gratifica&Atilde;&sect;&Atilde;&pound;o a pedido EDOARDO RIEMER<\/title>\n\n    <\/head>\n\n    <body>\n        <div class=\"page\">\n            <p\/>\n\n            <p> \n<\/p>\n\n            <p> \nPREFEITURA MUNICIPAL DE POMERODE \nRua 15 de novembro, 525     -     C. P. 36          -    FAX (47) 3387-7254 \nFone (47) 3387-7200              -                CNPJ 83.102.251\/0001-04 \n89107-000          -          POMERODE          -          Santa Catarina \n<\/p>\n\n            <p> \n \n<\/p>\n\n            <p>PORTARIA N&ordm; 28.492 \n \nCESSA GRATIFICA&Ccedil;&Atilde;O A PEDIDO DO SERVIDOR EFETIVO EDOARDO \nRIEMER CONFERIDA PELA PORTARIA N&ordm; 23.347, DE 26 DE JANEIRO \nDE 2018. \n \nO Secret&aacute;rio de Gest&atilde;o Administrativa e Fazend&aacute;ria, GENRADO RIEMER, \nno uso de suas atribui&ccedil;&otilde;es que lhe confere o Decreto Municipal n&ordm; \n3364\/18, em seu artigo 1&deg;, inciso II; \n<\/p>\n\n            <p> \nRESOLVE: \n<\/p>\n\n            <p> \nCESSAR GRATIFICA&Ccedil;&Atilde;O A PEDIDO, do servidor EDOARDO RIEMER, \nocupante do cargo efetivo de Assistente Administrativo, com carga \nhor&aacute;ria de 40 (quarenta) horas semanais, na Secretaria de Gest&atilde;o \nAdministrativa e Fazend&aacute;ria, anteriormente concedida pela Portaria n&ordm; \n23.347, para a Superintend&ecirc;ncia do Fundo de Aposentadoria e Pens&otilde;es- \nFAP, a partir de 26 de novembro de 2021.  \n \n \n<\/p>\n\n            <p>D&ecirc;-se ci&ecirc;ncia, registre-se, publique-se e cumpra-se. \n \nMunic&iacute;pio de Pomerode, 26 de novembro de 2021. \n \n \n \n \n \n<\/p>\n\n            <p>GENRADO RIEMER \nGest&atilde;o Administrativa e Fazend&aacute;ria \n<\/p>\n\n            <p> \n \n \n \n<\/p>\n\n            <p> \n \n \n <\/p>\n\n            <p\/>\n\n        <\/div>\n\n    <\/body>\n<\/html>\n","url":"https:\/\/www.diariomunicipal.sc.gov.br\/arquivosbd\/atos\/2025\/03\/1638201566_28492_extrato.pdf"},{"codigo":"3805638","titulo":"PORTARIA 29.137","data":"2025-03-01 12:14:51","cod_registro_info_sfinge":null,"municipio":"Pomerode","entidade":"Prefeitura municipal de Pomerode","categoria":"Portarias","link":"https:\/\/www.diariomunicipal.sc.gov.br\/?q=id:3805638","texto":"<html xmlns=\"http:\/\/www.w3.org\/1999\/xhtml\">\n\n    <head>\n\n        <meta name=\"date\" content=\"2022-04-04T11:14:31Z\"\/>\n\n        <meta name=\"pdf:PDFVersion\" content=\"1.7\"\/>\n\n        <meta name=\"pdf:docinfo:title\" content=\"Microsoft Word - 29.137- Nomeia GILSON GESTOR SECID\"\/>\n\n        <meta name=\"pdf:hasXFA\" content=\"false\"\/>\n\n        <meta name=\"access_permission:modify_annotations\" content=\"true\"\/>\n\n        <meta name=\"access_permission:can_print_degraded\" content=\"true\"\/>\n\n        <meta name=\"dc:creator\" content=\"Adm\"\/>\n\n        <meta name=\"dcterms:created\" content=\"2022-04-04T11:14:31Z\"\/>\n\n        <meta name=\"Last-Modified\" content=\"2022-04-04T11:14:31Z\"\/>\n\n        <meta name=\"dcterms:modified\" content=\"2022-04-04T11:14:31Z\"\/>\n\n        <meta name=\"dc:format\" content=\"application\/pdf; version=1.7\"\/>\n\n        <meta name=\"Last-Save-Date\" content=\"2022-04-04T11:14:31Z\"\/>\n\n        <meta name=\"access_permission:fill_in_form\" content=\"true\"\/>\n\n        <meta name=\"pdf:docinfo:modified\" content=\"2022-04-04T11:14:31Z\"\/>\n\n        <meta name=\"meta:save-date\" content=\"2022-04-04T11:14:31Z\"\/>\n\n        <meta name=\"pdf:encrypted\" content=\"false\"\/>\n\n        <meta name=\"dc:title\" content=\"Microsoft Word - 29.137- Nomeia GILSON GESTOR SECID\"\/>\n\n        <meta name=\"modified\" content=\"2022-04-04T11:14:31Z\"\/>\n\n        <meta name=\"pdf:hasMarkedContent\" content=\"false\"\/>\n\n        <meta name=\"Content-Type\" content=\"application\/pdf\"\/>\n\n        <meta name=\"pdf:docinfo:creator\" content=\"Adm\"\/>\n\n        <meta name=\"X-Parsed-By\" content=\"org.apache.tika.parser.CompositeParser\"\/>\n\n        <meta name=\"X-Parsed-By\" content=\"org.apache.tika.parser.pdf.PDFParser\"\/>\n\n        <meta name=\"creator\" content=\"Adm\"\/>\n\n        <meta name=\"meta:author\" content=\"Adm\"\/>\n\n        <meta name=\"meta:creation-date\" content=\"2022-04-04T11:14:31Z\"\/>\n\n        <meta name=\"created\" content=\"2022-04-04T11:14:31Z\"\/>\n\n        <meta name=\"access_permission:extract_for_accessibility\" content=\"true\"\/>\n\n        <meta name=\"access_permission:assemble_document\" content=\"true\"\/>\n\n        <meta name=\"xmpTPg:NPages\" content=\"1\"\/>\n\n        <meta name=\"Creation-Date\" content=\"2022-04-04T11:14:31Z\"\/>\n\n        <meta name=\"pdf:hasXMP\" content=\"false\"\/>\n\n        <meta name=\"access_permission:extract_content\" content=\"true\"\/>\n\n        <meta name=\"access_permission:can_print\" content=\"true\"\/>\n\n        <meta name=\"Author\" content=\"Adm\"\/>\n\n        <meta name=\"producer\" content=\"Microsoft: Print To PDF\"\/>\n\n        <meta name=\"access_permission:can_modify\" content=\"true\"\/>\n\n        <meta name=\"pdf:docinfo:producer\" content=\"Microsoft: Print To PDF\"\/>\n\n        <meta name=\"pdf:docinfo:created\" content=\"2022-04-04T11:14:31Z\"\/>\n\n        <title>Microsoft Word - 29.137- Nomeia GILSON GESTOR SECID<\/title>\n\n    <\/head>\n\n    <body>\n        <div class=\"page\">\n            <p\/>\n\n            <p> \n<\/p>\n\n            <p> \nPREFEITURA MUNICIPAL DE POMERODE \nRua 15 de novembro, 525     -     C. P. 36          -      FAX (47) 3387-7254 \nFone (47) 3387-7200              -                CNPJ 83.102.251\/0001-04 \n89107-000          -          POMERODE          -          Santa Catarina \n<\/p>\n\n            <p> \nPORTARIA N&ordm; 29.137 \n<\/p>\n\n            <p> \n \nDESIGNA GILSON JUARI WUDTKE GESTOR DA SECRETARIA DE \nDESENVOLVIMENTO SOCIAL E HABITA&Ccedil;&Atilde;O. \n \nConsiderando o afastamento legal da Sra. RENATA DOS SANTOS KLEE, \nSecret&aacute;rio de Desenvolvimento Social e Habita&ccedil;&atilde;o, no per&iacute;odo \ncompreendido entre 25 de abril de 2022 at&eacute; 01 de maio de 2022. \n \nO Prefeito Municipal em exerc&iacute;cio, MARCOS CONRADO HASS, no uso de \nsuas atribui&ccedil;&otilde;es legais. \n \n \n<\/p>\n\n            <p>RESOLVE: \n \n \nDesignar interinamente o Sr. GENRADO RIEMER, Secret&aacute;rio de Gest&atilde;o \nAdministrativa e Fazend&aacute;ria, para assinar em conjunto com o Sr. GILSON \nJUARI WUDTKE, Secret&aacute;rio Interino de Desenvolvimento Social e \nHabita&ccedil;&atilde;o, toda movimenta&ccedil;&atilde;o banc&aacute;ria da Secret&aacute;ria de Desenvolvimento \nSocial e Habita&ccedil;&atilde;o, no per&iacute;odo compreendido entre 25 de abril de 2022 at&eacute; \n01 de maio de 2022. \n \n \nD&ecirc;-se ci&ecirc;ncia, registre-se, publique-se e cumpra-se. \n \n \nMunic&iacute;pio de Pomerode,  04 de abril de 2022. \n \n \n \n \n \n \n \n <\/p>\n\n            <p\/>\n\n        <\/div>\n\n    <\/body>\n<\/html>\n","url":"https:\/\/www.diariomunicipal.sc.gov.br\/arquivosbd\/atos\/2025\/03\/1649070930_29137_extrato.pdf"},{"codigo":"4122316","titulo":"PORTARIA 29.741","data":"2025-03-01 12:14:54","cod_registro_info_sfinge":null,"municipio":"Pomerode","entidade":"Prefeitura municipal de Pomerode","categoria":"Portarias","link":"https:\/\/www.diariomunicipal.sc.gov.br\/?q=id:4122316","texto":"<html xmlns=\"http:\/\/www.w3.org\/1999\/xhtml\">\n\n    <head>\n\n        <meta name=\"date\" content=\"2022-08-22T10:48:21Z\"\/>\n\n        <meta name=\"pdf:PDFVersion\" content=\"1.7\"\/>\n\n        <meta name=\"pdf:docinfo:title\" content=\"Microsoft Word - 29.741-DESIGNA EDSON TAFNER COMO GESTOR DE RECURSOS DO FUNDO DE APOSENTADORIA E PENS&Atilde;\u0141ES &acirc;&bull;\ufb01 FAP DO MUNIC&Atilde;&ldquo;PIO DE POMERODE.\"\/>\n\n        <meta name=\"pdf:hasXFA\" content=\"false\"\/>\n\n        <meta name=\"access_permission:modify_annotations\" content=\"true\"\/>\n\n        <meta name=\"access_permission:can_print_degraded\" content=\"true\"\/>\n\n        <meta name=\"dc:creator\" content=\"Adm\"\/>\n\n        <meta name=\"dcterms:created\" content=\"2022-08-22T10:48:21Z\"\/>\n\n        <meta name=\"Last-Modified\" content=\"2022-08-22T10:48:21Z\"\/>\n\n        <meta name=\"dcterms:modified\" content=\"2022-08-22T10:48:21Z\"\/>\n\n        <meta name=\"dc:format\" content=\"application\/pdf; version=1.7\"\/>\n\n        <meta name=\"Last-Save-Date\" content=\"2022-08-22T10:48:21Z\"\/>\n\n        <meta name=\"access_permission:fill_in_form\" content=\"true\"\/>\n\n        <meta name=\"pdf:docinfo:modified\" content=\"2022-08-22T10:48:21Z\"\/>\n\n        <meta name=\"meta:save-date\" content=\"2022-08-22T10:48:21Z\"\/>\n\n        <meta name=\"pdf:encrypted\" content=\"false\"\/>\n\n        <meta name=\"dc:title\" content=\"Microsoft Word - 29.741-DESIGNA EDSON TAFNER COMO GESTOR DE RECURSOS DO FUNDO DE APOSENTADORIA E PENS&Atilde;\u0141ES &acirc;&bull;\ufb01 FAP DO MUNIC&Atilde;&ldquo;PIO DE POMERODE.\"\/>\n\n        <meta name=\"modified\" content=\"2022-08-22T10:48:21Z\"\/>\n\n        <meta name=\"pdf:hasMarkedContent\" content=\"false\"\/>\n\n        <meta name=\"Content-Type\" content=\"application\/pdf\"\/>\n\n        <meta name=\"pdf:docinfo:creator\" content=\"Adm\"\/>\n\n        <meta name=\"X-Parsed-By\" content=\"org.apache.tika.parser.CompositeParser\"\/>\n\n        <meta name=\"X-Parsed-By\" content=\"org.apache.tika.parser.pdf.PDFParser\"\/>\n\n        <meta name=\"creator\" content=\"Adm\"\/>\n\n        <meta name=\"meta:author\" content=\"Adm\"\/>\n\n        <meta name=\"meta:creation-date\" content=\"2022-08-22T10:48:21Z\"\/>\n\n        <meta name=\"created\" content=\"2022-08-22T10:48:21Z\"\/>\n\n        <meta name=\"access_permission:extract_for_accessibility\" content=\"true\"\/>\n\n        <meta name=\"access_permission:assemble_document\" content=\"true\"\/>\n\n        <meta name=\"xmpTPg:NPages\" content=\"1\"\/>\n\n        <meta name=\"Creation-Date\" content=\"2022-08-22T10:48:21Z\"\/>\n\n        <meta name=\"pdf:hasXMP\" content=\"false\"\/>\n\n        <meta name=\"access_permission:extract_content\" content=\"true\"\/>\n\n        <meta name=\"access_permission:can_print\" content=\"true\"\/>\n\n        <meta name=\"Author\" content=\"Adm\"\/>\n\n        <meta name=\"producer\" content=\"Microsoft: Print To PDF\"\/>\n\n        <meta name=\"access_permission:can_modify\" content=\"true\"\/>\n\n        <meta name=\"pdf:docinfo:producer\" content=\"Microsoft: Print To PDF\"\/>\n\n        <meta name=\"pdf:docinfo:created\" content=\"2022-08-22T10:48:21Z\"\/>\n\n        <title>Microsoft Word - 29.741-DESIGNA EDSON TAFNER COMO GESTOR DE RECURSOS DO FUNDO DE APOSENTADORIA E PENS&Atilde;\u0141ES &acirc;&bull;\ufb01 FAP DO MUNIC&Atilde;&ldquo;PIO DE POMERODE.<\/title>\n\n    <\/head>\n\n    <body>\n        <div class=\"page\">\n            <p\/>\n\n            <p> \n<\/p>\n\n            <p> \n \n \nRua 15 de Novembro, n.&ordm; 525 &ndash; Centro | Pomerode \/ SC | CEP 89.107\nFone (47) 3387-7200 | CNPJ 83.102.251\/0001\nwww.pomerode.sc.gov.br \n<\/p>\n\n            <p> \n \n \n<\/p>\n\n            <p> \n \nDESIGNA EDSON TAFNER\nAPOSENTADORIA E PENS&Otilde;ES \n \n \nO Secret&aacute;rio de Gest&atilde;o Administrativa e Fazend&aacute;ria\nde suas atribui&ccedil;&otilde;es que lhe confere o Decret\nartigo 1&ordm;, inciso II; \n \n<\/p>\n\n            <p> \n \nDesigna o servidor Edson Tafner, matr&iacute;cula \nde Recursos do Fundo de Aposentadoria e Pens&otilde;es \n2022, em observ&acirc;ncia ao artigo 8&ordm;\nde 1998. \n \nOs efeitos desta Portaria e\nretroativos &agrave; 02\/01\/2022. \n \nD&ecirc;-se ci&ecirc;ncia, registre-se, publique\n \nMunic&iacute;pio de Pomerode,  11\n \n \n \n<\/p>\n\n            <p>Centro | Pomerode \/ SC | CEP 89.107-000 \n7200 | CNPJ 83.102.251\/0001-04 \n<\/p>\n\n            <p>PORTARIA N&ordm; 29.741 \n<\/p>\n\n            <p>EDSON TAFNER COMO GESTOR DE RECURSOS\nAPOSENTADORIA E PENS&Otilde;ES &ndash; FAP DO MUNIC&Iacute;PIO DE POMERODE\n<\/p>\n\n            <p>Secret&aacute;rio de Gest&atilde;o Administrativa e Fazend&aacute;ria, GENRADO RIEMER\nque lhe confere o Decreto Municipal n&ordm; 3364\/18, em seu \n<\/p>\n\n            <p>RESOLVE: \n<\/p>\n\n            <p>Designa o servidor Edson Tafner, matr&iacute;cula 152641, interinamente, como Gestor \nde Recursos do Fundo de Aposentadoria e Pens&otilde;es &ndash; FAP, a partir de 02 de janeiro \n<\/p>\n\n            <p>em observ&acirc;ncia ao artigo 8&ordm;-B, inciso II, da Lei n&ordm; 9717, de 27 de novembro \n<\/p>\n\n            <p>Os efeitos desta Portaria entra em vigor na data da publica&ccedil;&atilde;o com efeitos \n \n<\/p>\n\n            <p>se, publique-se e cumpra-se. \n<\/p>\n\n            <p>11 de agosto de 2022. \n<\/p>\n\n            <p>COMO GESTOR DE RECURSOS DO FUNDO DE \nFAP DO MUNIC&Iacute;PIO DE POMERODE. \n<\/p>\n\n            <p>GENRADO RIEMER, no uso \nn&ordm; 3364\/18, em seu \n<\/p>\n\n            <p>, interinamente, como Gestor \na partir de 02 de janeiro \n<\/p>\n\n            <p>B, inciso II, da Lei n&ordm; 9717, de 27 de novembro \n<\/p>\n\n            <p>ntra em vigor na data da publica&ccedil;&atilde;o com efeitos <\/p>\n\n            <p\/>\n\n        <\/div>\n\n    <\/body>\n<\/html>\n","url":"https:\/\/www.diariomunicipal.sc.gov.br\/arquivosbd\/atos\/2025\/03\/1661166460_29741_extrato.pdf"},{"codigo":"4130544","titulo":"PORTARIA 29.800","data":"2025-03-01 12:14:56","cod_registro_info_sfinge":null,"municipio":"Pomerode","entidade":"Prefeitura municipal de Pomerode","categoria":"Portarias","link":"https:\/\/www.diariomunicipal.sc.gov.br\/?q=id:4130544","texto":"<html xmlns=\"http:\/\/www.w3.org\/1999\/xhtml\">\n\n    <head>\n\n        <meta name=\"date\" content=\"2022-08-24T11:01:44Z\"\/>\n\n        <meta name=\"pdf:PDFVersion\" content=\"1.7\"\/>\n\n        <meta name=\"pdf:docinfo:title\" content=\"Microsoft Word - 29.800-ATRIBUI FUN&Atilde;&frasl;&Atilde;&hellip;O DE CONFIAN&Atilde;&frasl;A DE CONTROLADOR-GERAL DO MUNIC&Atilde;&ldquo;PIO A SERVIDORA P&Atilde;\u0131BLICA MUNICIPAL CIDINHA SALETE GIOVANELLA DALLABRIDA E CONCEDE A RESPETIVA GRATIFICA&Atilde;&frasl;&Atilde;&hellip;O.\"\/>\n\n        <meta name=\"pdf:hasXFA\" content=\"false\"\/>\n\n        <meta name=\"access_permission:modify_annotations\" content=\"true\"\/>\n\n        <meta name=\"access_permission:can_print_degraded\" content=\"true\"\/>\n\n        <meta name=\"dc:creator\" content=\"Adm\"\/>\n\n        <meta name=\"dcterms:created\" content=\"2022-08-24T11:01:44Z\"\/>\n\n        <meta name=\"Last-Modified\" content=\"2022-08-24T11:01:44Z\"\/>\n\n        <meta name=\"dcterms:modified\" content=\"2022-08-24T11:01:44Z\"\/>\n\n        <meta name=\"dc:format\" content=\"application\/pdf; version=1.7\"\/>\n\n        <meta name=\"Last-Save-Date\" content=\"2022-08-24T11:01:44Z\"\/>\n\n        <meta name=\"access_permission:fill_in_form\" content=\"true\"\/>\n\n        <meta name=\"pdf:docinfo:modified\" content=\"2022-08-24T11:01:44Z\"\/>\n\n        <meta name=\"meta:save-date\" content=\"2022-08-24T11:01:44Z\"\/>\n\n        <meta name=\"pdf:encrypted\" content=\"false\"\/>\n\n        <meta name=\"dc:title\" content=\"Microsoft Word - 29.800-ATRIBUI FUN&Atilde;&frasl;&Atilde;&hellip;O DE CONFIAN&Atilde;&frasl;A DE CONTROLADOR-GERAL DO MUNIC&Atilde;&ldquo;PIO A SERVIDORA P&Atilde;\u0131BLICA MUNICIPAL CIDINHA SALETE GIOVANELLA DALLABRIDA E CONCEDE A RESPETIVA GRATIFICA&Atilde;&frasl;&Atilde;&hellip;O.\"\/>\n\n        <meta name=\"modified\" content=\"2022-08-24T11:01:44Z\"\/>\n\n        <meta name=\"pdf:hasMarkedContent\" content=\"false\"\/>\n\n        <meta name=\"Content-Type\" content=\"application\/pdf\"\/>\n\n        <meta name=\"pdf:docinfo:creator\" content=\"Adm\"\/>\n\n        <meta name=\"X-Parsed-By\" content=\"org.apache.tika.parser.CompositeParser\"\/>\n\n        <meta name=\"X-Parsed-By\" content=\"org.apache.tika.parser.pdf.PDFParser\"\/>\n\n        <meta name=\"creator\" content=\"Adm\"\/>\n\n        <meta name=\"meta:author\" content=\"Adm\"\/>\n\n        <meta name=\"meta:creation-date\" content=\"2022-08-24T11:01:44Z\"\/>\n\n        <meta name=\"created\" content=\"2022-08-24T11:01:44Z\"\/>\n\n        <meta name=\"access_permission:extract_for_accessibility\" content=\"true\"\/>\n\n        <meta name=\"access_permission:assemble_document\" content=\"true\"\/>\n\n        <meta name=\"xmpTPg:NPages\" content=\"1\"\/>\n\n        <meta name=\"Creation-Date\" content=\"2022-08-24T11:01:44Z\"\/>\n\n        <meta name=\"pdf:hasXMP\" content=\"false\"\/>\n\n        <meta name=\"access_permission:extract_content\" content=\"true\"\/>\n\n        <meta name=\"access_permission:can_print\" content=\"true\"\/>\n\n        <meta name=\"Author\" content=\"Adm\"\/>\n\n        <meta name=\"producer\" content=\"Microsoft: Print To PDF\"\/>\n\n        <meta name=\"access_permission:can_modify\" content=\"true\"\/>\n\n        <meta name=\"pdf:docinfo:producer\" content=\"Microsoft: Print To PDF\"\/>\n\n        <meta name=\"pdf:docinfo:created\" content=\"2022-08-24T11:01:44Z\"\/>\n\n        <title>Microsoft Word - 29.800-ATRIBUI FUN&Atilde;&frasl;&Atilde;&hellip;O DE CONFIAN&Atilde;&frasl;A DE CONTROLADOR-GERAL DO MUNIC&Atilde;&ldquo;PIO A SERVIDORA P&Atilde;\u0131BLICA MUNICIPAL CIDINHA SALETE GIOVANELLA DALLABRIDA E CONCEDE A RESPETIVA GRATIFICA&Atilde;&frasl;&Atilde;&hellip;O.<\/title>\n\n    <\/head>\n\n    <body>\n        <div class=\"page\">\n            <p\/>\n\n            <p> \n<\/p>\n\n            <p> \n \n \nRua 15 de Novembro, n.&ordm; 525 &ndash; Centro | Pomerode \/ SC | CEP 89.107\nFone (47) 3387-7200 | CNPJ 83.102.251\/0001\nwww.pomerode.sc.gov.br \n<\/p>\n\n            <p> \n<\/p>\n\n            <p> \n \nATRIBUI FUN&Ccedil;&Atilde;O DE CONFIAN&Ccedil;A DE \nSERVIDORA P&Uacute;BLICA MUNICIPAL \nCONCEDE A RESPETIVA GRATIFICA&Ccedil;&Atilde;O\n \nConsiderando a Lei Complementar n&ordm; 454, de 3\nde confian&ccedil;a da Administra&ccedil;&atilde;o Direta do Munic&iacute;pio de Pomerode, com entrada em vigor \nem 1&ordm; de julho de 2022, alterada pela Lei Complementar n&ordm; 523\/2022\n \nConsiderando que, conforme o 1&ordm; da referida lei complementar\ns&atilde;o de livre designa&ccedil;&atilde;o e destitui&ccedil;&atilde;o; e\n \nConsiderando que atende o melhor interesse p&uacute;blico designar \nmunicipal titular de cargo de provimento efetivo para a fun&ccedil;&atilde;o de confian&ccedil;a aludida no \ndispositivo. \n \nO Prefeito Municipal de Pomerode\nconfere a Lei; \n<\/p>\n\n            <p> \nArt. 1&ordm; Nos termos dos arts. 1&ordm; e 2&ordm; da Lei Complementar n&ordm; 454\/2022, \nde confian&ccedil;a de CONTROLADOR\nSALETE GIOVANELLA DALLABRIDA\ndesempenhadas na Secretaria \nAgosto de 2022 e concede a atinente gratifica&ccedil;&atilde;o em \nda refer&ecirc;ncia 231 da Lei Complementar n&ordm; 291, de 9 de mar&ccedil;o de 2016, observado o \npar&aacute;grafo &uacute;nico do art. 1&ordm; da Lei Complementar n&ordm; 454\/2022\n523\/2022; \n \n&sect;1&ordm; A fun&ccedil;&atilde;o de confian&ccedil;a atribu&iacute;da &eacute; destitu&iacute;vel a qualquer momento por ato \ndiscricion&aacute;rio, conforme o julgamento de conveni&ecirc;ncia e oportunidade da autoridade que \no instituiu. \n \n&sect;2&ordm; A gratifica&ccedil;&atilde;o n&atilde;o &eacute; cumul&aacute;vel com outra institu&iacute;da pela Lei Complementar n&ordm; \n454\/2022, n&atilde;o se incorpora aos vencimentos ou proventos e s&oacute; &eacute; devida enquanto todas \nas suas condicionantes legais forem atendidas concomitantemente, mesmo que o ato \nadministrativo que a concedeu n&atilde;o tenha sido especificamente revogado.\n \nD&ecirc;-se ci&ecirc;ncia, registre-se, publique\n \nMunic&iacute;pio de Pomerode, 23 de \n \n<\/p>\n\n            <p>Centro | Pomerode \/ SC | CEP 89.107-000 \n83.102.251\/0001-04 \n<\/p>\n\n            <p>PORTARIA N&ordm; 29.800 \n<\/p>\n\n            <p>ATRIBUI FUN&Ccedil;&Atilde;O DE CONFIAN&Ccedil;A DE CONTROLADOR-GERAL DO MUNIC&Iacute;PIO\nMUNICIPAL CIDINHA SALETE GIOVANELLA DALLABRIDA\n<\/p>\n\n            <p>CONCEDE A RESPETIVA GRATIFICA&Ccedil;&Atilde;O. \n<\/p>\n\n            <p>Considerando a Lei Complementar n&ordm; 454, de 3 de junho de 2022, que institui as fun&ccedil;&otilde;es \nde confian&ccedil;a da Administra&ccedil;&atilde;o Direta do Munic&iacute;pio de Pomerode, com entrada em vigor \n<\/p>\n\n            <p>, alterada pela Lei Complementar n&ordm; 523\/2022\n<\/p>\n\n            <p>Considerando que, conforme o 1&ordm; da referida lei complementar, as fun&ccedil;&otilde;es de confian&ccedil;a \ns&atilde;o de livre designa&ccedil;&atilde;o e destitui&ccedil;&atilde;o; e \n<\/p>\n\n            <p>Considerando que atende o melhor interesse p&uacute;blico designar a referid\nmunicipal titular de cargo de provimento efetivo para a fun&ccedil;&atilde;o de confian&ccedil;a aludida no \n<\/p>\n\n            <p>Prefeito Municipal de Pomerode, &Eacute;RCIO KRIEK, no uso de suas atribui&ccedil;&otilde;es que lhe \n<\/p>\n\n            <p> \nRESOLVE: \n<\/p>\n\n            <p>Art. 1&ordm; Nos termos dos arts. 1&ordm; e 2&ordm; da Lei Complementar n&ordm; 454\/2022, \nCONTROLADOR-GERAL DO MUNIC&Iacute;PIO a servidor\n<\/p>\n\n            <p>SALETE GIOVANELLA DALLABRIDA, nos termos do inciso VI, &ldquo;d&rdquo; \nSecretaria Gest&atilde;o Administrativa e Fazend&aacute;ria\n<\/p>\n\n            <p>e concede a atinente gratifica&ccedil;&atilde;o em 85% (oitenta e cinco\nda refer&ecirc;ncia 231 da Lei Complementar n&ordm; 291, de 9 de mar&ccedil;o de 2016, observado o \npar&aacute;grafo &uacute;nico do art. 1&ordm; da Lei Complementar n&ordm; 454\/2022 c\/c Lei Complementar n&ordm; \n<\/p>\n\n            <p>A fun&ccedil;&atilde;o de confian&ccedil;a atribu&iacute;da &eacute; destitu&iacute;vel a qualquer momento por ato \ndiscricion&aacute;rio, conforme o julgamento de conveni&ecirc;ncia e oportunidade da autoridade que \n<\/p>\n\n            <p>&sect;2&ordm; A gratifica&ccedil;&atilde;o n&atilde;o &eacute; cumul&aacute;vel com outra institu&iacute;da pela Lei Complementar n&ordm; \n454\/2022, n&atilde;o se incorpora aos vencimentos ou proventos e s&oacute; &eacute; devida enquanto todas \nas suas condicionantes legais forem atendidas concomitantemente, mesmo que o ato \nadministrativo que a concedeu n&atilde;o tenha sido especificamente revogado.\n<\/p>\n\n            <p>se, publique-se e cumpra-se. \n<\/p>\n\n            <p>de agosto de 2022. \n<\/p>\n\n            <p>GERAL DO MUNIC&Iacute;PIO A \nCIDINHA SALETE GIOVANELLA DALLABRIDA E \n<\/p>\n\n            <p>de junho de 2022, que institui as fun&ccedil;&otilde;es \nde confian&ccedil;a da Administra&ccedil;&atilde;o Direta do Munic&iacute;pio de Pomerode, com entrada em vigor \n<\/p>\n\n            <p>, alterada pela Lei Complementar n&ordm; 523\/2022; \n<\/p>\n\n            <p>, as fun&ccedil;&otilde;es de confian&ccedil;a \n<\/p>\n\n            <p>referida servidora p&uacute;blica \nmunicipal titular de cargo de provimento efetivo para a fun&ccedil;&atilde;o de confian&ccedil;a aludida no \n<\/p>\n\n            <p>, no uso de suas atribui&ccedil;&otilde;es que lhe \n<\/p>\n\n            <p>Art. 1&ordm; Nos termos dos arts. 1&ordm; e 2&ordm; da Lei Complementar n&ordm; 454\/2022, ATRIBUIR fun&ccedil;&atilde;o \nservidora efetiva CIDINHA \n<\/p>\n\n            <p> do art. 2&ordm;, a serem \nGest&atilde;o Administrativa e Fazend&aacute;ria, a partir de 24 de \n<\/p>\n\n            <p>oitenta e cinco por cento) \nda refer&ecirc;ncia 231 da Lei Complementar n&ordm; 291, de 9 de mar&ccedil;o de 2016, observado o \n<\/p>\n\n            <p>c\/c Lei Complementar n&ordm; \n<\/p>\n\n            <p>A fun&ccedil;&atilde;o de confian&ccedil;a atribu&iacute;da &eacute; destitu&iacute;vel a qualquer momento por ato \ndiscricion&aacute;rio, conforme o julgamento de conveni&ecirc;ncia e oportunidade da autoridade que \n<\/p>\n\n            <p>&sect;2&ordm; A gratifica&ccedil;&atilde;o n&atilde;o &eacute; cumul&aacute;vel com outra institu&iacute;da pela Lei Complementar n&ordm; \n454\/2022, n&atilde;o se incorpora aos vencimentos ou proventos e s&oacute; &eacute; devida enquanto todas \nas suas condicionantes legais forem atendidas concomitantemente, mesmo que o ato \nadministrativo que a concedeu n&atilde;o tenha sido especificamente revogado. <\/p>\n\n            <p\/>\n\n        <\/div>\n\n    <\/body>\n<\/html>\n","url":"https:\/\/www.diariomunicipal.sc.gov.br\/arquivosbd\/atos\/2025\/03\/1661344475_29800_extrato.pdf"},{"codigo":"4130680","titulo":"PORTARIA 29.800","data":"2025-03-01 12:14:59","cod_registro_info_sfinge":null,"municipio":"Pomerode","entidade":"Prefeitura municipal de Pomerode","categoria":"Portarias","link":"https:\/\/www.diariomunicipal.sc.gov.br\/?q=id:4130680","texto":"<html xmlns=\"http:\/\/www.w3.org\/1999\/xhtml\">\n\n    <head>\n\n        <meta name=\"date\" content=\"2022-08-24T11:01:44Z\"\/>\n\n        <meta name=\"pdf:PDFVersion\" content=\"1.7\"\/>\n\n        <meta name=\"pdf:docinfo:title\" content=\"Microsoft Word - 29.800-ATRIBUI FUN&Atilde;&frasl;&Atilde;&hellip;O DE CONFIAN&Atilde;&frasl;A DE CONTROLADOR-GERAL DO MUNIC&Atilde;&ldquo;PIO A SERVIDORA P&Atilde;\u0131BLICA MUNICIPAL CIDINHA SALETE GIOVANELLA DALLABRIDA E CONCEDE A RESPETIVA GRATIFICA&Atilde;&frasl;&Atilde;&hellip;O.\"\/>\n\n        <meta name=\"pdf:hasXFA\" content=\"false\"\/>\n\n        <meta name=\"access_permission:modify_annotations\" content=\"true\"\/>\n\n        <meta name=\"access_permission:can_print_degraded\" content=\"true\"\/>\n\n        <meta name=\"dc:creator\" content=\"Adm\"\/>\n\n        <meta name=\"dcterms:created\" content=\"2022-08-24T11:01:44Z\"\/>\n\n        <meta name=\"Last-Modified\" content=\"2022-08-24T11:01:44Z\"\/>\n\n        <meta name=\"dcterms:modified\" content=\"2022-08-24T11:01:44Z\"\/>\n\n        <meta name=\"dc:format\" content=\"application\/pdf; version=1.7\"\/>\n\n        <meta name=\"Last-Save-Date\" content=\"2022-08-24T11:01:44Z\"\/>\n\n        <meta name=\"access_permission:fill_in_form\" content=\"true\"\/>\n\n        <meta name=\"pdf:docinfo:modified\" content=\"2022-08-24T11:01:44Z\"\/>\n\n        <meta name=\"meta:save-date\" content=\"2022-08-24T11:01:44Z\"\/>\n\n        <meta name=\"pdf:encrypted\" content=\"false\"\/>\n\n        <meta name=\"dc:title\" content=\"Microsoft Word - 29.800-ATRIBUI FUN&Atilde;&frasl;&Atilde;&hellip;O DE CONFIAN&Atilde;&frasl;A DE CONTROLADOR-GERAL DO MUNIC&Atilde;&ldquo;PIO A SERVIDORA P&Atilde;\u0131BLICA MUNICIPAL CIDINHA SALETE GIOVANELLA DALLABRIDA E CONCEDE A RESPETIVA GRATIFICA&Atilde;&frasl;&Atilde;&hellip;O.\"\/>\n\n        <meta name=\"modified\" content=\"2022-08-24T11:01:44Z\"\/>\n\n        <meta name=\"pdf:hasMarkedContent\" content=\"false\"\/>\n\n        <meta name=\"Content-Type\" content=\"application\/pdf\"\/>\n\n        <meta name=\"pdf:docinfo:creator\" content=\"Adm\"\/>\n\n        <meta name=\"X-Parsed-By\" content=\"org.apache.tika.parser.CompositeParser\"\/>\n\n        <meta name=\"X-Parsed-By\" content=\"org.apache.tika.parser.pdf.PDFParser\"\/>\n\n        <meta name=\"creator\" content=\"Adm\"\/>\n\n        <meta name=\"meta:author\" content=\"Adm\"\/>\n\n        <meta name=\"meta:creation-date\" content=\"2022-08-24T11:01:44Z\"\/>\n\n        <meta name=\"created\" content=\"2022-08-24T11:01:44Z\"\/>\n\n        <meta name=\"access_permission:extract_for_accessibility\" content=\"true\"\/>\n\n        <meta name=\"access_permission:assemble_document\" content=\"true\"\/>\n\n        <meta name=\"xmpTPg:NPages\" content=\"1\"\/>\n\n        <meta name=\"Creation-Date\" content=\"2022-08-24T11:01:44Z\"\/>\n\n        <meta name=\"pdf:hasXMP\" content=\"false\"\/>\n\n        <meta name=\"access_permission:extract_content\" content=\"true\"\/>\n\n        <meta name=\"access_permission:can_print\" content=\"true\"\/>\n\n        <meta name=\"Author\" content=\"Adm\"\/>\n\n        <meta name=\"producer\" content=\"Microsoft: Print To PDF\"\/>\n\n        <meta name=\"access_permission:can_modify\" content=\"true\"\/>\n\n        <meta name=\"pdf:docinfo:producer\" content=\"Microsoft: Print To PDF\"\/>\n\n        <meta name=\"pdf:docinfo:created\" content=\"2022-08-24T11:01:44Z\"\/>\n\n        <title>Microsoft Word - 29.800-ATRIBUI FUN&Atilde;&frasl;&Atilde;&hellip;O DE CONFIAN&Atilde;&frasl;A DE CONTROLADOR-GERAL DO MUNIC&Atilde;&ldquo;PIO A SERVIDORA P&Atilde;\u0131BLICA MUNICIPAL CIDINHA SALETE GIOVANELLA DALLABRIDA E CONCEDE A RESPETIVA GRATIFICA&Atilde;&frasl;&Atilde;&hellip;O.<\/title>\n\n    <\/head>\n\n    <body>\n        <div class=\"page\">\n            <p\/>\n\n            <p> \n<\/p>\n\n            <p> \n \n \nRua 15 de Novembro, n.&ordm; 525 &ndash; Centro | Pomerode \/ SC | CEP 89.107\nFone (47) 3387-7200 | CNPJ 83.102.251\/0001\nwww.pomerode.sc.gov.br \n<\/p>\n\n            <p> \n<\/p>\n\n            <p> \n \nATRIBUI FUN&Ccedil;&Atilde;O DE CONFIAN&Ccedil;A DE \nSERVIDORA P&Uacute;BLICA MUNICIPAL \nCONCEDE A RESPETIVA GRATIFICA&Ccedil;&Atilde;O\n \nConsiderando a Lei Complementar n&ordm; 454, de 3\nde confian&ccedil;a da Administra&ccedil;&atilde;o Direta do Munic&iacute;pio de Pomerode, com entrada em vigor \nem 1&ordm; de julho de 2022, alterada pela Lei Complementar n&ordm; 523\/2022\n \nConsiderando que, conforme o 1&ordm; da referida lei complementar\ns&atilde;o de livre designa&ccedil;&atilde;o e destitui&ccedil;&atilde;o; e\n \nConsiderando que atende o melhor interesse p&uacute;blico designar \nmunicipal titular de cargo de provimento efetivo para a fun&ccedil;&atilde;o de confian&ccedil;a aludida no \ndispositivo. \n \nO Prefeito Municipal de Pomerode\nconfere a Lei; \n<\/p>\n\n            <p> \nArt. 1&ordm; Nos termos dos arts. 1&ordm; e 2&ordm; da Lei Complementar n&ordm; 454\/2022, \nde confian&ccedil;a de CONTROLADOR\nSALETE GIOVANELLA DALLABRIDA\ndesempenhadas na Secretaria \nAgosto de 2022 e concede a atinente gratifica&ccedil;&atilde;o em \nda refer&ecirc;ncia 231 da Lei Complementar n&ordm; 291, de 9 de mar&ccedil;o de 2016, observado o \npar&aacute;grafo &uacute;nico do art. 1&ordm; da Lei Complementar n&ordm; 454\/2022\n523\/2022; \n \n&sect;1&ordm; A fun&ccedil;&atilde;o de confian&ccedil;a atribu&iacute;da &eacute; destitu&iacute;vel a qualquer momento por ato \ndiscricion&aacute;rio, conforme o julgamento de conveni&ecirc;ncia e oportunidade da autoridade que \no instituiu. \n \n&sect;2&ordm; A gratifica&ccedil;&atilde;o n&atilde;o &eacute; cumul&aacute;vel com outra institu&iacute;da pela Lei Complementar n&ordm; \n454\/2022, n&atilde;o se incorpora aos vencimentos ou proventos e s&oacute; &eacute; devida enquanto todas \nas suas condicionantes legais forem atendidas concomitantemente, mesmo que o ato \nadministrativo que a concedeu n&atilde;o tenha sido especificamente revogado.\n \nD&ecirc;-se ci&ecirc;ncia, registre-se, publique\n \nMunic&iacute;pio de Pomerode, 23 de \n \n<\/p>\n\n            <p>Centro | Pomerode \/ SC | CEP 89.107-000 \n83.102.251\/0001-04 \n<\/p>\n\n            <p>PORTARIA N&ordm; 29.800 \n<\/p>\n\n            <p>ATRIBUI FUN&Ccedil;&Atilde;O DE CONFIAN&Ccedil;A DE CONTROLADOR-GERAL DO MUNIC&Iacute;PIO\nMUNICIPAL CIDINHA SALETE GIOVANELLA DALLABRIDA\n<\/p>\n\n            <p>CONCEDE A RESPETIVA GRATIFICA&Ccedil;&Atilde;O. \n<\/p>\n\n            <p>Considerando a Lei Complementar n&ordm; 454, de 3 de junho de 2022, que institui as fun&ccedil;&otilde;es \nde confian&ccedil;a da Administra&ccedil;&atilde;o Direta do Munic&iacute;pio de Pomerode, com entrada em vigor \n<\/p>\n\n            <p>, alterada pela Lei Complementar n&ordm; 523\/2022\n<\/p>\n\n            <p>Considerando que, conforme o 1&ordm; da referida lei complementar, as fun&ccedil;&otilde;es de confian&ccedil;a \ns&atilde;o de livre designa&ccedil;&atilde;o e destitui&ccedil;&atilde;o; e \n<\/p>\n\n            <p>Considerando que atende o melhor interesse p&uacute;blico designar a referid\nmunicipal titular de cargo de provimento efetivo para a fun&ccedil;&atilde;o de confian&ccedil;a aludida no \n<\/p>\n\n            <p>Prefeito Municipal de Pomerode, &Eacute;RCIO KRIEK, no uso de suas atribui&ccedil;&otilde;es que lhe \n<\/p>\n\n            <p> \nRESOLVE: \n<\/p>\n\n            <p>Art. 1&ordm; Nos termos dos arts. 1&ordm; e 2&ordm; da Lei Complementar n&ordm; 454\/2022, \nCONTROLADOR-GERAL DO MUNIC&Iacute;PIO a servidor\n<\/p>\n\n            <p>SALETE GIOVANELLA DALLABRIDA, nos termos do inciso VI, &ldquo;d&rdquo; \nSecretaria Gest&atilde;o Administrativa e Fazend&aacute;ria\n<\/p>\n\n            <p>e concede a atinente gratifica&ccedil;&atilde;o em 85% (oitenta e cinco\nda refer&ecirc;ncia 231 da Lei Complementar n&ordm; 291, de 9 de mar&ccedil;o de 2016, observado o \npar&aacute;grafo &uacute;nico do art. 1&ordm; da Lei Complementar n&ordm; 454\/2022 c\/c Lei Complementar n&ordm; \n<\/p>\n\n            <p>A fun&ccedil;&atilde;o de confian&ccedil;a atribu&iacute;da &eacute; destitu&iacute;vel a qualquer momento por ato \ndiscricion&aacute;rio, conforme o julgamento de conveni&ecirc;ncia e oportunidade da autoridade que \n<\/p>\n\n            <p>&sect;2&ordm; A gratifica&ccedil;&atilde;o n&atilde;o &eacute; cumul&aacute;vel com outra institu&iacute;da pela Lei Complementar n&ordm; \n454\/2022, n&atilde;o se incorpora aos vencimentos ou proventos e s&oacute; &eacute; devida enquanto todas \nas suas condicionantes legais forem atendidas concomitantemente, mesmo que o ato \nadministrativo que a concedeu n&atilde;o tenha sido especificamente revogado.\n<\/p>\n\n            <p>se, publique-se e cumpra-se. \n<\/p>\n\n            <p>de agosto de 2022. \n<\/p>\n\n            <p>GERAL DO MUNIC&Iacute;PIO A \nCIDINHA SALETE GIOVANELLA DALLABRIDA E \n<\/p>\n\n            <p>de junho de 2022, que institui as fun&ccedil;&otilde;es \nde confian&ccedil;a da Administra&ccedil;&atilde;o Direta do Munic&iacute;pio de Pomerode, com entrada em vigor \n<\/p>\n\n            <p>, alterada pela Lei Complementar n&ordm; 523\/2022; \n<\/p>\n\n            <p>, as fun&ccedil;&otilde;es de confian&ccedil;a \n<\/p>\n\n            <p>referida servidora p&uacute;blica \nmunicipal titular de cargo de provimento efetivo para a fun&ccedil;&atilde;o de confian&ccedil;a aludida no \n<\/p>\n\n            <p>, no uso de suas atribui&ccedil;&otilde;es que lhe \n<\/p>\n\n            <p>Art. 1&ordm; Nos termos dos arts. 1&ordm; e 2&ordm; da Lei Complementar n&ordm; 454\/2022, ATRIBUIR fun&ccedil;&atilde;o \nservidora efetiva CIDINHA \n<\/p>\n\n            <p> do art. 2&ordm;, a serem \nGest&atilde;o Administrativa e Fazend&aacute;ria, a partir de 24 de \n<\/p>\n\n            <p>oitenta e cinco por cento) \nda refer&ecirc;ncia 231 da Lei Complementar n&ordm; 291, de 9 de mar&ccedil;o de 2016, observado o \n<\/p>\n\n            <p>c\/c Lei Complementar n&ordm; \n<\/p>\n\n            <p>A fun&ccedil;&atilde;o de confian&ccedil;a atribu&iacute;da &eacute; destitu&iacute;vel a qualquer momento por ato \ndiscricion&aacute;rio, conforme o julgamento de conveni&ecirc;ncia e oportunidade da autoridade que \n<\/p>\n\n            <p>&sect;2&ordm; A gratifica&ccedil;&atilde;o n&atilde;o &eacute; cumul&aacute;vel com outra institu&iacute;da pela Lei Complementar n&ordm; \n454\/2022, n&atilde;o se incorpora aos vencimentos ou proventos e s&oacute; &eacute; devida enquanto todas \nas suas condicionantes legais forem atendidas concomitantemente, mesmo que o ato \nadministrativo que a concedeu n&atilde;o tenha sido especificamente revogado. <\/p>\n\n            <p\/>\n\n        <\/div>\n\n    <\/body>\n<\/html>\n","url":"https:\/\/www.diariomunicipal.sc.gov.br\/arquivosbd\/atos\/2025\/03\/1661347528_29800_extrato.pdf"},{"codigo":"4352461","titulo":"PORTARIA 30.154","data":"2025-03-01 12:15:01","cod_registro_info_sfinge":null,"municipio":"Pomerode","entidade":"Prefeitura municipal de Pomerode","categoria":"Portarias","link":"https:\/\/www.diariomunicipal.sc.gov.br\/?q=id:4352461","texto":"<html xmlns=\"http:\/\/www.w3.org\/1999\/xhtml\">\n\n    <head>\n\n        <meta name=\"date\" content=\"2022-11-30T16:28:14Z\"\/>\n\n        <meta name=\"pdf:PDFVersion\" content=\"1.7\"\/>\n\n        <meta name=\"pdf:docinfo:title\" content=\"Microsoft Word - 30.154-NOMEIA GILSON JUARI WUDTKE, PARA EXERCER INTERINAMENTE O CARGO DE SECRET&Atilde;&dagger;RIO DE GEST&Atilde;&hellip;O ADMINISTRATIVA E FAZEND&Atilde;&dagger;RIA.\"\/>\n\n        <meta name=\"pdf:hasXFA\" content=\"false\"\/>\n\n        <meta name=\"access_permission:modify_annotations\" content=\"true\"\/>\n\n        <meta name=\"access_permission:can_print_degraded\" content=\"true\"\/>\n\n        <meta name=\"dc:creator\" content=\"Adm\"\/>\n\n        <meta name=\"dcterms:created\" content=\"2022-11-30T16:28:14Z\"\/>\n\n        <meta name=\"Last-Modified\" content=\"2022-11-30T16:28:14Z\"\/>\n\n        <meta name=\"dcterms:modified\" content=\"2022-11-30T16:28:14Z\"\/>\n\n        <meta name=\"dc:format\" content=\"application\/pdf; version=1.7\"\/>\n\n        <meta name=\"Last-Save-Date\" content=\"2022-11-30T16:28:14Z\"\/>\n\n        <meta name=\"access_permission:fill_in_form\" content=\"true\"\/>\n\n        <meta name=\"pdf:docinfo:modified\" content=\"2022-11-30T16:28:14Z\"\/>\n\n        <meta name=\"meta:save-date\" content=\"2022-11-30T16:28:14Z\"\/>\n\n        <meta name=\"pdf:encrypted\" content=\"false\"\/>\n\n        <meta name=\"dc:title\" content=\"Microsoft Word - 30.154-NOMEIA GILSON JUARI WUDTKE, PARA EXERCER INTERINAMENTE O CARGO DE SECRET&Atilde;&dagger;RIO DE GEST&Atilde;&hellip;O ADMINISTRATIVA E FAZEND&Atilde;&dagger;RIA.\"\/>\n\n        <meta name=\"modified\" content=\"2022-11-30T16:28:14Z\"\/>\n\n        <meta name=\"pdf:hasMarkedContent\" content=\"false\"\/>\n\n        <meta name=\"Content-Type\" content=\"application\/pdf\"\/>\n\n        <meta name=\"pdf:docinfo:creator\" content=\"Adm\"\/>\n\n        <meta name=\"X-Parsed-By\" content=\"org.apache.tika.parser.CompositeParser\"\/>\n\n        <meta name=\"X-Parsed-By\" content=\"org.apache.tika.parser.pdf.PDFParser\"\/>\n\n        <meta name=\"creator\" content=\"Adm\"\/>\n\n        <meta name=\"meta:author\" content=\"Adm\"\/>\n\n        <meta name=\"meta:creation-date\" content=\"2022-11-30T16:28:14Z\"\/>\n\n        <meta name=\"created\" content=\"2022-11-30T16:28:14Z\"\/>\n\n        <meta name=\"access_permission:extract_for_accessibility\" content=\"true\"\/>\n\n        <meta name=\"access_permission:assemble_document\" content=\"true\"\/>\n\n        <meta name=\"xmpTPg:NPages\" content=\"1\"\/>\n\n        <meta name=\"Creation-Date\" content=\"2022-11-30T16:28:14Z\"\/>\n\n        <meta name=\"pdf:hasXMP\" content=\"false\"\/>\n\n        <meta name=\"access_permission:extract_content\" content=\"true\"\/>\n\n        <meta name=\"access_permission:can_print\" content=\"true\"\/>\n\n        <meta name=\"Author\" content=\"Adm\"\/>\n\n        <meta name=\"producer\" content=\"Microsoft: Print To PDF\"\/>\n\n        <meta name=\"access_permission:can_modify\" content=\"true\"\/>\n\n        <meta name=\"pdf:docinfo:producer\" content=\"Microsoft: Print To PDF\"\/>\n\n        <meta name=\"pdf:docinfo:created\" content=\"2022-11-30T16:28:14Z\"\/>\n\n        <title>Microsoft Word - 30.154-NOMEIA GILSON JUARI WUDTKE, PARA EXERCER INTERINAMENTE O CARGO DE SECRET&Atilde;&dagger;RIO DE GEST&Atilde;&hellip;O ADMINISTRATIVA E FAZEND&Atilde;&dagger;RIA.<\/title>\n\n    <\/head>\n\n    <body>\n        <div class=\"page\">\n            <p\/>\n\n            <p> \n<\/p>\n\n            <p> \n \n \nRua 15 de Novembro, n.&ordm; 525 &ndash; Centro | Pomerode \/ SC | CEP 89.107\nFone (47) 3387-7200 | CNPJ 83.102.251\/0001\nwww.pomerode.sc.gov.br \n<\/p>\n\n            <p> \n \n \n<\/p>\n\n            <p> \n<\/p>\n\n            <p> \n \nNOMEIA GILSON JUARI WUDTKE\nCARGO DE SECRET&Aacute;RIO DE GEST&Atilde;O ADMINISTRATIVA E FAZEND&Aacute;RIA.\n \nConsiderando o afastamento legal do Sr. \nGest&atilde;o Administrativa e Fazend&aacute;ria,\n30\/11\/2022 at&eacute; 14\/12\/202\n \nO Prefeito Municipal de Pomerode, \nlhe confere a Lei; \n \n \n<\/p>\n\n            <p> \n \nDe acordo com o artigo 16, II, da Lei Complementar n&ordm; 269, de 05 de dezembro de \n2014, cumulado com o artigo 2&ordm;, &sect;1&ordm;, da Lei Complementar n&ordm; 274, de 26 de \nfevereiro de 2015, NOMEAR \ninterinamente em comiss&atilde;o o cargo de \nADMINISTRATIVA E FAZEND&Aacute;RIA, \nnovembro de 2022 at&eacute; 14 de \n \n \nD&ecirc;-se ci&ecirc;ncia, registre-se, publique\n \nMunic&iacute;pio de Pomerode, 30 \n \n \n \n \n<\/p>\n\n            <p> \n \n \n<\/p>\n\n            <p>Centro | Pomerode \/ SC | CEP 89.107-000 \n7200 | CNPJ 83.102.251\/0001-04 \n<\/p>\n\n            <p>PORTARIA N&ordm; 30.154 \n<\/p>\n\n            <p>GILSON JUARI WUDTKE, PARA EXERCER INTERINAMENTE O \nCARGO DE SECRET&Aacute;RIO DE GEST&Atilde;O ADMINISTRATIVA E FAZEND&Aacute;RIA.\n<\/p>\n\n            <p>o afastamento legal do Sr. GENRADO RIEMER,\nGest&atilde;o Administrativa e Fazend&aacute;ria, no per&iacute;odo compreendido entre \n<\/p>\n\n            <p>\/2022; \n<\/p>\n\n            <p>O Prefeito Municipal de Pomerode, &Eacute;RCIO KRIEK, no uso de suas atribui&ccedil;&otilde;es que \n<\/p>\n\n            <p>RESOLVE: \n<\/p>\n\n            <p>De acordo com o artigo 16, II, da Lei Complementar n&ordm; 269, de 05 de dezembro de \ncumulado com o artigo 2&ordm;, &sect;1&ordm;, da Lei Complementar n&ordm; 274, de 26 de \n<\/p>\n\n            <p>NOMEAR GILSON JUARI WUDTKE\ninterinamente em comiss&atilde;o o cargo de SECRET&Aacute;RIO DE GEST&Atilde;O \nADMINISTRATIVA E FAZEND&Aacute;RIA, no per&iacute;odo compreendido entre \n<\/p>\n\n            <p>de dezembro de 2022. \n<\/p>\n\n            <p>se, publique-se e cumpra-se. \n<\/p>\n\n            <p> de novembro de 2022.  \n<\/p>\n\n            <p>&Eacute;RCIO KRIEK \nPrefeito Municipal \n<\/p>\n\n            <p>, PARA EXERCER INTERINAMENTE O \nCARGO DE SECRET&Aacute;RIO DE GEST&Atilde;O ADMINISTRATIVA E FAZEND&Aacute;RIA. \n<\/p>\n\n            <p>GENRADO RIEMER, Secret&aacute;rio de \nno per&iacute;odo compreendido entre \n<\/p>\n\n            <p>, no uso de suas atribui&ccedil;&otilde;es que \n<\/p>\n\n            <p>De acordo com o artigo 16, II, da Lei Complementar n&ordm; 269, de 05 de dezembro de \ncumulado com o artigo 2&ordm;, &sect;1&ordm;, da Lei Complementar n&ordm; 274, de 26 de \n<\/p>\n\n            <p>GILSON JUARI WUDTKE, para exercer \nSECRET&Aacute;RIO DE GEST&Atilde;O \n<\/p>\n\n            <p>no per&iacute;odo compreendido entre 30 de <\/p>\n\n            <p\/>\n\n        <\/div>\n\n    <\/body>\n<\/html>\n","url":"https:\/\/www.diariomunicipal.sc.gov.br\/arquivosbd\/atos\/2025\/03\/1669827310_30154_extrato.pdf"},{"codigo":"7000179","titulo":"PORTARIA 045\/2025-DISP\u00d5E SOBRE A CESS\u00c3O DE SERVIDORES DO SAMAE \u00c0 PREFEITURA MUNICIPAL DE POMERODE E D\u00c1 OUTRAS PROVID\u00caNCIAS","data":"2025-03-01 12:15:04","cod_registro_info_sfinge":null,"municipio":"Pomerode","entidade":"Prefeitura municipal de Pomerode","categoria":"Portarias","link":"https:\/\/www.diariomunicipal.sc.gov.br\/?q=id:7000179","texto":"<html xmlns=\"http:\/\/www.w3.org\/1999\/xhtml\">\n\n    <head>\n\n        <meta name=\"cp:revision\" content=\"2\"\/>\n\n        <meta name=\"meta:word-count\" content=\"384\"\/>\n\n        <meta name=\"extended-properties:Application\" content=\"Microsoft Office Word\"\/>\n\n        <meta name=\"meta:last-author\" content=\"Adm\"\/>\n\n        <meta name=\"dc:creator\" content=\"Fischer_9_@hotmail.com\"\/>\n\n        <meta name=\"xmpTPg:NPages\" content=\"2\"\/>\n\n        <meta name=\"dcterms:created\" content=\"2025-03-01T13:46:00Z\"\/>\n\n        <meta name=\"dcterms:modified\" content=\"2025-03-01T13:46:00Z\"\/>\n\n        <meta name=\"meta:character-count\" content=\"2077\"\/>\n\n        <meta name=\"extended-properties:Template\" content=\"Normal\"\/>\n\n        <meta name=\"X-TIKA:Parsed-By\" content=\"org.apache.tika.parser.CompositeParser\"\/>\n\n        <meta name=\"X-TIKA:Parsed-By\" content=\"org.apache.tika.parser.DefaultParser\"\/>\n\n        <meta name=\"X-TIKA:Parsed-By\" content=\"org.apache.tika.parser.microsoft.OfficeParser\"\/>\n\n        <meta name=\"extended-properties:TotalTime\" content=\"600000000\"\/>\n\n        <meta name=\"Content-Length\" content=\"33792\"\/>\n\n        <meta name=\"meta:page-count\" content=\"2\"\/>\n\n        <meta name=\"Content-Type\" content=\"application\/msword\"\/>\n\n        <title>&#0;<\/title>\n\n    <\/head>\n\n    <body>\n        <p class=\"normal_(Web)\">PORTARIA N&ordm; 045\/2025, DE 01 DE MAR&Ccedil;O DE 2025\n<\/p>\n\n        <p class=\"normal_(Web)\">Disp&otilde;e sobre a cess&atilde;o de servidores do SAMAE &agrave; Prefeitura Municipal de Pomerode e d&aacute; outras provid&ecirc;ncias.\n<\/p>\n\n        <p class=\"normal_(Web)\">O PRESIDENTE INTERINO DO SERVI&Ccedil;O AUT&Ocirc;NOMO MUNICIPAL DE &Aacute;GUA E ESGOTO &ndash; SAMAE, do Munic&iacute;pio de Pomerode, no uso das atribui&ccedil;&otilde;es legais conferidas pela Portaria n&ordm; 24, de 02 de janeiro de 2025, e em conformidade com a Lei Complementar n&ordm; 269\/2014 (Estatuto do Servidor P&uacute;blico Municipal) e Lei n&ordm; 116\/1966 (que cria o SAMAE),\n<\/p>\n\n        <p class=\"normal_(Web)\">Considerando os princ&iacute;pios da legalidade, moralidade, efici&ecirc;ncia e interesse p&uacute;blico que regem a Administra&ccedil;&atilde;o P&uacute;blica, nos termos do artigo 37 da Constitui&ccedil;&atilde;o Federal;\n<\/p>\n\n        <p class=\"normal_(Web)\">Considerando a concess&atilde;o dos servi&ccedil;os p&uacute;blicos de abastecimento de &aacute;gua e esgoto &agrave; Concession&aacute;ria Pomerwasser;\n<\/p>\n\n        <p class=\"normal_(Web)\">Considerando a necessidade de cess&atilde;o de servidores para viabilizar a continuidade dos servi&ccedil;os essenciais de interesse p&uacute;blico;\n<\/p>\n\n        <p class=\"normal_(Web)\">RESOLVE:\n<\/p>\n\n        <p class=\"normal_(Web)\">Art. 1&ordm; Ceder, sem &ocirc;nus ao &oacute;rg&atilde;o de origem, os servidores relacionados no Anexo I desta Portaria &agrave; Prefeitura Municipal de Pomerode, pelo per&iacute;odo compreendido entre 1&ordm; de mar&ccedil;o de 2025 e 28 de fevereiro de 2026, podendo ser prorrogado conforme a necessidade da Administra&ccedil;&atilde;o P&uacute;blica, nos termos do artigo 61 da Lei Complementar n&ordm; 269\/2014.\n<\/p>\n\n        <p class=\"normal_(Web)\">&sect; 1&ordm; Os servidores cedidos desempenhar&atilde;o suas atividades com carga hor&aacute;ria de 40 (quarenta) horas semanais, observando as fun&ccedil;&otilde;es compat&iacute;veis com seus cargos e qualifica&ccedil;&otilde;es.\n<\/p>\n\n        <p class=\"normal_(Web)\">Art. 2&ordm; A Prefeitura Municipal de Pomerode dever&aacute; assegurar que os servidores cedidos exer&ccedil;am suas atividades em conformidade com o interesse p&uacute;blico e com observ&acirc;ncia &agrave;s normas do Regime Jur&iacute;dico &Uacute;nico.\n<\/p>\n\n        <p class=\"normal_(Web)\">Art. 3&ordm; Esta Portaria entra em vigor na data de sua publica&ccedil;&atilde;o, revogando-se as disposi&ccedil;&otilde;es em contr&aacute;rio.\n<\/p>\n\n        <p class=\"normal_(Web)\">D&ecirc;-se ci&ecirc;ncia, registre-se, publique-se e cumpra-se.\n<\/p>\n\n        <p class=\"normal_(Web)\">Munic&iacute;pio de Pomerode (SC), 01 de mar&ccedil;o de 2025.\n<\/p>\n\n        <p class=\"normal_(Web)\">MOACIR ROSA\nPresidente Interino do SAMAE\n<\/p>\n\n        <p>ANEXO I\n<\/p>\n\n        <p>Rela&ccedil;&atilde;o dos Servidores Cedidos\n<\/p>\n\n        <table>\n            <tbody>\n                <tr>\t\n                    <td>\n                        <p>\n                            <b>Servidor<\/b>\n                        <\/p>\n\n                    <\/td>\t\n                    <td>\n                        <p>\n                            <b>Cargo<\/b>\n                        <\/p>\n\n                    <\/td>\t\n                    <td>\n                        <p>\n                            <b>Matr&iacute;cula<\/b>\n                        <\/p>\n\n                    <\/td>\t\n                    <td>\n                        <p>\n                            <b>CPF<\/b>\n                        <\/p>\n\n                    <\/td>\n                <\/tr>\n\n                <tr>\t\n                    <td>\n                        <p>Roberto Carlos Barbosa<\/p>\n\n                    <\/td>\t\n                    <td>\n                        <p>Auxiliar de Opera&ccedil;&otilde;es<\/p>\n\n                    <\/td>\t\n                    <td>\n                        <p>N&ordm;. 93-1<\/p>\n\n                    <\/td>\t\n                    <td>\n                        <p>269.940.398-97<\/p>\n\n                    <\/td>\n                <\/tr>\n\n                <tr>\t\n                    <td>\n                        <p>Claudio Eisenhut<\/p>\n\n                    <\/td>\t\n                    <td>\n                        <p>Assistente T&eacute;cnico<\/p>\n\n                    <\/td>\t\n                    <td>\n                        <p>N&ordm;. 23-1<\/p>\n\n                    <\/td>\t\n                    <td>\n                        <p>716.142.739-87<\/p>\n\n                    <\/td>\n                <\/tr>\n\n                <tr>\t\n                    <td>\n                        <p>Jacir Oenning<\/p>\n\n                    <\/td>\t\n                    <td>\n                        <p>Encanador<\/p>\n\n                    <\/td>\t\n                    <td>\n                        <p>N&ordm;. 12-1<\/p>\n\n                    <\/td>\t\n                    <td>\n                        <p>965.645.809-59<\/p>\n\n                    <\/td>\n                <\/tr>\n\n                <tr>\t\n                    <td>\n                        <p>Nivaldo Alves<\/p>\n\n                    <\/td>\t\n                    <td>\n                        <p>Encanador<\/p>\n\n                    <\/td>\t\n                    <td>\n                        <p>N&ordm;. 98-1<\/p>\n\n                    <\/td>\t\n                    <td>\n                        <p>027.027.299-24<\/p>\n\n                    <\/td>\n                <\/tr>\n\n                <tr>\t\n                    <td>\n                        <p>Jo&atilde;o Meurer Filho<\/p>\n\n                    <\/td>\t\n                    <td>\n                        <p>Encanador<\/p>\n\n                    <\/td>\t\n                    <td>\n                        <p>N&ordm;. 17-1<\/p>\n\n                    <\/td>\t\n                    <td>\n                        <p>909.790.019-00<\/p>\n\n                    <\/td>\n                <\/tr>\n\n                <tr>\t\n                    <td>\n                        <p>Valdir Jos&eacute; Greuel<\/p>\n\n                    <\/td>\t\n                    <td>\n                        <p>Encanador<\/p>\n\n                    <\/td>\t\n                    <td>\n                        <p>N&ordm;. 34-2<\/p>\n\n                    <\/td>\t\n                    <td>\n                        <p>020.385.279-62<\/p>\n\n                    <\/td>\n                <\/tr>\n\n                <tr>\t\n                    <td>\n                        <p>Paulo Rubens de Moraes Leme<\/p>\n\n                    <\/td>\t\n                    <td>\n                        <p>Operador de ETA<\/p>\n\n                    <\/td>\t\n                    <td>\n                        <p>N&ordm;. 33-1<\/p>\n\n                    <\/td>\t\n                    <td>\n                        <p>695.699.088-15<\/p>\n\n                    <\/td>\n                <\/tr>\n\n                <tr>\t\n                    <td>\n                        <p>Fernando Hertel<\/p>\n\n                    <\/td>\t\n                    <td>\n                        <p>Operador de ETA<\/p>\n\n                    <\/td>\t\n                    <td>\n                        <p>N&ordm;. 170-1<\/p>\n\n                    <\/td>\t\n                    <td>\n                        <p>003.679.679-44<\/p>\n\n                    <\/td>\n                <\/tr>\n\n                <tr>\t\n                    <td>\n                        <p>Estela Malinski Xavier<\/p>\n\n                    <\/td>\t\n                    <td>\n                        <p>Operador de ETA<\/p>\n\n                    <\/td>\t\n                    <td>\n                        <p>N&ordm;. 123-1<\/p>\n\n                    <\/td>\t\n                    <td>\n                        <p>026.553.289-22<\/p>\n\n                    <\/td>\n                <\/tr>\n\n            <\/tbody>\n        <\/table>\n\n    <\/body>\n<\/html>\n","url":"https:\/\/www.diariomunicipal.sc.gov.br\/arquivosbd\/atos\/2025\/03\/1740842077_portaria_045_dispe_sobre_a_cesso_de_servidores_do_samae__prefeitura_municipal_de_pomerode_e_d_outras_providncias._extrato.pdf"},{"codigo":"7000180","titulo":"PORTARIA 046\/2025- DISP\u00d5E SOBRE A CESS\u00c3O DO SERVIDOR FABR\u00cdCIO DIAS B. DOS SANTOS \u00c0 PREFEITURA MUNICIPAL DE POMERODE E D\u00c1 OUTRAS PROVID\u00caNCIAS","data":"2025-03-01 12:34:31","cod_registro_info_sfinge":null,"municipio":"Pomerode","entidade":"Prefeitura municipal de Pomerode","categoria":"Portarias","link":"https:\/\/www.diariomunicipal.sc.gov.br\/?q=id:7000180","texto":"<html xmlns=\"http:\/\/www.w3.org\/1999\/xhtml\">\n\n    <head>\n\n        <meta name=\"cp:revision\" content=\"2\"\/>\n\n        <meta name=\"meta:word-count\" content=\"300\"\/>\n\n        <meta name=\"extended-properties:Application\" content=\"Microsoft Office Word\"\/>\n\n        <meta name=\"meta:last-author\" content=\"Adm\"\/>\n\n        <meta name=\"dc:creator\" content=\"Fischer_9_@hotmail.com\"\/>\n\n        <meta name=\"xmpTPg:NPages\" content=\"1\"\/>\n\n        <meta name=\"dcterms:created\" content=\"2025-03-01T15:33:00Z\"\/>\n\n        <meta name=\"dcterms:modified\" content=\"2025-03-01T15:33:00Z\"\/>\n\n        <meta name=\"meta:character-count\" content=\"1622\"\/>\n\n        <meta name=\"extended-properties:Template\" content=\"Normal\"\/>\n\n        <meta name=\"X-TIKA:Parsed-By\" content=\"org.apache.tika.parser.CompositeParser\"\/>\n\n        <meta name=\"X-TIKA:Parsed-By\" content=\"org.apache.tika.parser.DefaultParser\"\/>\n\n        <meta name=\"X-TIKA:Parsed-By\" content=\"org.apache.tika.parser.microsoft.OfficeParser\"\/>\n\n        <meta name=\"extended-properties:TotalTime\" content=\"0\"\/>\n\n        <meta name=\"Content-Length\" content=\"27648\"\/>\n\n        <meta name=\"meta:page-count\" content=\"1\"\/>\n\n        <meta name=\"Content-Type\" content=\"application\/msword\"\/>\n\n        <title>&#0;<\/title>\n\n    <\/head>\n\n    <body>\n        <p class=\"normal_(Web)\">PORTARIA N&ordm; 046\/2025, DE 01 DE MAR&Ccedil;O DE 2025\n<\/p>\n\n        <p class=\"normal_(Web)\">Disp&otilde;e sobre a cess&atilde;o do servidor Fabr&iacute;cio Dias B. dos Santos &agrave; Prefeitura Municipal de Pomerode e d&aacute; outras provid&ecirc;ncias.\n<\/p>\n\n        <p class=\"normal_(Web)\">O PRESIDENTE INTERINO DO SERVI&Ccedil;O AUT&Ocirc;NOMO MUNICIPAL DE &Aacute;GUA E ESGOTO &ndash; SAMAE, do Munic&iacute;pio de Pomerode, no uso das atribui&ccedil;&otilde;es legais conferidas pela Portaria n&ordm; 24, de 02 de janeiro de 2025, e em conformidade com a Lei Complementar n&ordm; 269\/2014 (Estatuto do Servidor P&uacute;blico Municipal) e Lei n&ordm; 116\/1966 (que cria o SAMAE),\n<\/p>\n\n        <p class=\"normal_(Web)\">Considerando os princ&iacute;pios da legalidade, moralidade, efici&ecirc;ncia e interesse p&uacute;blico que regem a Administra&ccedil;&atilde;o P&uacute;blica, nos termos do artigo 37 da Constitui&ccedil;&atilde;o Federal;\n<\/p>\n\n        <p class=\"normal_(Web)\">Considerando a concess&atilde;o dos servi&ccedil;os p&uacute;blicos de abastecimento de &aacute;gua e esgoto &agrave; Concession&aacute;ria Pomerwasser;\n<\/p>\n\n        <p class=\"normal_(Web)\">Considerando a avalia&ccedil;&atilde;o m&eacute;dica realizada em 28\/06\/2023, que recomenda que o servidor Fabr&iacute;cio Dias B. dos Santos n&atilde;o desempenhe atividades que exijam transporte de peso acima de 3 (tr&ecirc;s) quilos ou movimentos de flexo-extens&atilde;o da coluna lombar;\n<\/p>\n\n        <p class=\"normal_(Web)\">RESOLVE:\n<\/p>\n\n        <p class=\"normal_(Web)\">Art. 1&ordm; Ceder, sem &ocirc;nus ao &oacute;rg&atilde;o de origem, o servidor Fabr&iacute;cio Dias B. dos Santos &agrave; Prefeitura Municipal de Pomerode, pelo per&iacute;odo compreendido entre 1&ordm; de mar&ccedil;o de 2025 e 28 de fevereiro de 2026, podendo ser prorrogado conforme a necessidade da Administra&ccedil;&atilde;o P&uacute;blica, nos termos do artigo 61 da Lei Complementar n&ordm; 269\/2014.\n<\/p>\n\n        <p class=\"normal_(Web)\">&sect; 1&ordm; A cess&atilde;o do servidor dever&aacute; respeitar integralmente a recomenda&ccedil;&atilde;o m&eacute;dica mencionada no pre&acirc;mbulo desta Portaria.\n<\/p>\n\n        <p class=\"normal_(Web)\">Art. 2&ordm; A Prefeitura Municipal de Pomerode dever&aacute; assegurar que o servidor cedido exer&ccedil;a suas atividades em conformidade com o interesse p&uacute;blico e com observ&acirc;ncia &agrave;s normas do Regime Jur&iacute;dico &Uacute;nico.\n<\/p>\n\n        <p class=\"normal_(Web)\">Art. 3&ordm; Esta Portaria entra em vigor na data de sua publica&ccedil;&atilde;o, revogando-se as disposi&ccedil;&otilde;es em contr&aacute;rio.\n<\/p>\n\n        <p class=\"normal_(Web)\">D&ecirc;-se ci&ecirc;ncia, registre-se, publique-se e cumpra-se.\n<\/p>\n\n        <p class=\"normal_(Web)\">Munic&iacute;pio de Pomerode (SC), 01 de mar&ccedil;o de 2025.\n<\/p>\n\n        <p class=\"normal_(Web)\">MOACIR ROSA\nPresidente Interino do SAMAE\n<\/p>\n\n    <\/body>\n<\/html>\n","url":"https:\/\/www.diariomunicipal.sc.gov.br\/arquivosbd\/atos\/2025\/03\/1740843264_portaria_046dispe_sobre_a_cesso_do_servidor_fabrcio_dias_b._dos_santos__prefeitura_municipal_de_pomerode_e_d_outras_providncias._extrato.pdf"},{"codigo":"7000181","titulo":"EXTRATO DE AVISO DE EDITAL - PROCESSO LICITAT\u00d3RIO N\u00ba 029\/2025 - PREG\u00c3O ELETR\u00d4NICO N\u00ba 029\/2025","data":"2025-03-01 13:13:19","cod_registro_info_sfinge":"90AC02D122710113D432FF18970DEEA377EB9B3A","municipio":"Balne\u00e1rio Gaivota","entidade":"Prefeitura municipal de Balne\u00e1rio Gaivota","categoria":"Licita\u00e7\u00f5es","link":"https:\/\/www.diariomunicipal.sc.gov.br\/?q=id:7000181","texto":"<html xmlns=\"http:\/\/www.w3.org\/1999\/xhtml\">\n\n    <head>\n\n        <meta name=\"pdf:PDFVersion\" content=\"1.7\"\/>\n\n        <meta name=\"xmp:CreatorTool\" content=\"Microsoft&reg; Word para Microsoft 365\"\/>\n\n        <meta name=\"pdf:hasXFA\" content=\"false\"\/>\n\n        <meta name=\"access_permission:modify_annotations\" content=\"true\"\/>\n\n        <meta name=\"access_permission:can_print_degraded\" content=\"true\"\/>\n\n        <meta name=\"dc:creator\" content=\"User\"\/>\n\n        <meta name=\"dcterms:created\" content=\"2025-03-01T16:12:49Z\"\/>\n\n        <meta name=\"dcterms:modified\" content=\"2025-03-01T16:12:49Z\"\/>\n\n        <meta name=\"dc:format\" content=\"application\/pdf; version=1.7\"\/>\n\n        <meta name=\"xmpMM:DocumentID\" content=\"uuid:962515E0-FF09-41EA-8705-BBF264E01AB0\"\/>\n\n        <meta name=\"pdf:docinfo:creator_tool\" content=\"Microsoft&reg; Word para Microsoft 365\"\/>\n\n        <meta name=\"access_permission:fill_in_form\" content=\"true\"\/>\n\n        <meta name=\"pdf:docinfo:modified\" content=\"2025-03-01T16:12:49Z\"\/>\n\n        <meta name=\"pdf:hasCollection\" content=\"false\"\/>\n\n        <meta name=\"pdf:encrypted\" content=\"false\"\/>\n\n        <meta name=\"xmp:CreateDate\" content=\"2025-03-01T13:12:49Z\"\/>\n\n        <meta name=\"Content-Length\" content=\"75738\"\/>\n\n        <meta name=\"pdf:hasMarkedContent\" content=\"true\"\/>\n\n        <meta name=\"Content-Type\" content=\"application\/pdf\"\/>\n\n        <meta name=\"xmp:ModifyDate\" content=\"2025-03-01T13:12:49Z\"\/>\n\n        <meta name=\"pdf:docinfo:creator\" content=\"User\"\/>\n\n        <meta name=\"dc:language\" content=\"pt-BR\"\/>\n\n        <meta name=\"pdf:producer\" content=\"Microsoft&reg; Word para Microsoft 365\"\/>\n\n        <meta name=\"access_permission:extract_for_accessibility\" content=\"true\"\/>\n\n        <meta name=\"access_permission:assemble_document\" content=\"true\"\/>\n\n        <meta name=\"xmpTPg:NPages\" content=\"1\"\/>\n\n        <meta name=\"pdf:hasXMP\" content=\"true\"\/>\n\n        <meta name=\"access_permission:extract_content\" content=\"true\"\/>\n\n        <meta name=\"access_permission:can_print\" content=\"true\"\/>\n\n        <meta name=\"X-TIKA:Parsed-By\" content=\"org.apache.tika.parser.CompositeParser\"\/>\n\n        <meta name=\"X-TIKA:Parsed-By\" content=\"org.apache.tika.parser.pdf.PDFParser\"\/>\n\n        <meta name=\"access_permission:can_modify\" content=\"true\"\/>\n\n        <meta name=\"pdf:docinfo:producer\" content=\"Microsoft&reg; Word para Microsoft 365\"\/>\n\n        <meta name=\"pdf:docinfo:created\" content=\"2025-03-01T16:12:49Z\"\/>\n\n        <title>&#0;<\/title>\n\n    <\/head>\n\n    <body>\n        <body>\n            <h1>Estado de Santa Catarina<\/h1>\n\n            <div class=\"figure\"\/>\n\n            <h1>Prefeitura Municipal de Balne&aacute;rio Gaivota<\/h1>\n\n            <h1>PROCESSO LICITAT&Oacute;RIO N&deg; 029\/2025<\/h1>\n\n            <h1>PREG&Atilde;O ELETR&Ocirc;NICO N&ordm; 029\/2025<\/h1>\n\n            <h1\/>\n\n            <h1>O MUNIC&Iacute;PIO DE BALNE&Aacute;RIO GAIVOTA, em conformidade com a Lei Federal n&ordm; 14.133, de 2021 e o Decreto Municipal n&ordm; 022, de 2023, torna p&uacute;blico que nos termos do regulamento municipal com fundamento no art. 28, inciso I da Lei Federal n&ordm; 14.133, de 2021, a realiza&ccedil;&atilde;o do PROCESSO DE PREG&Atilde;O ELETR&Ocirc;NICO, do tipo MENOR PRE&Ccedil;O POR LOTE, cujo objeto &ldquo;O presente procedimento licitat&oacute;rio tem por objetivo registrar pre&ccedil;os com a finalidade de selecionar a proposta mais vantajosa para futura contrata&ccedil;&atilde;o de presta&ccedil;&atilde;o de servi&ccedil;os de hora m&aacute;quina (retroescavadeira), destinados para recupera&ccedil;&atilde;o de vias p&uacute;blicas, acessos a propriedades, abertura de valas, aterros, limpeza da praia e demais servi&ccedil;os similares, obedecidos as especifica&ccedil;&otilde;es m&iacute;nimas constantes no Edital, Termo de Refer&ecirc;ncia e demais anexos.&rdquo;<\/h1>\n\n            <h1\/>\n\n            <h1>Recebimento das propostas: das 00h00min do dia 03\/03\/2025 at&eacute; &agrave;s 08h59min do dia 18\/03\/2025.<\/h1>\n\n            <h1\/>\n\n            <h1>In&iacute;cio da sess&atilde;o de disputa de pre&ccedil;os: &agrave;s 09h00min do dia 18\/03\/2025.<\/h1>\n\n            <h1\/>\n\n            <h1>Hor&aacute;rio de Bras&iacute;lia(DF). LOCAL:\n                <a href=\"http:\/\/www.portaldecompraspublicas.com.br\/\">www.portaldecompraspublicas.com.br<\/a>A &iacute;ntegra do Edital e demais informa&ccedil;&otilde;es e documentos necess&aacute;rios estar&aacute; &agrave; disposi&ccedil;&atilde;o dos interessados a partir desta data, no Departamento de Licita&ccedil;&otilde;es, no hor&aacute;rio das 07h30min &agrave;s 11h30min e da 13h00min as 17h00min, na sede da Prefeitura Municipal, sito na Avenida Guanabara, 452, bloco B, Loteamento Turimar ou por E-mail:\n                <a href=\"mailto:licitacao@balneariogaivota.sc.gov.br\">licitacao@balneariogaivota.sc.gov.br<\/a>.\n            <\/h1>\n\n            <h1\/>\n\n            <h1>Balne&aacute;rio Gaivota, 01 de mar&ccedil;o de 2025.<\/h1>\n\n            <h1\/>\n\n            <h1>Everaldo dos Santos<\/h1>\n\n            <h1>Prefeito Municipal<\/h1>\n\n        <\/body>\n        <p>  <\/p>\n\n        <div class=\"page\">\n            <p\/>\n\n        <\/div>\n\n    <\/body>\n<\/html>\n","url":"https:\/\/www.diariomunicipal.sc.gov.br\/arquivosbd\/atos\/2025\/03\/1740845590_extrato_de_edital_n_0292025_extrato.pdf"},{"codigo":"7000182","titulo":"2\u00ba TERMO ADITIVO AO CONTRATO PML N\u00ba 020\/2023","data":"2025-03-01 14:10:24","cod_registro_info_sfinge":null,"municipio":"Luzerna","entidade":"Prefeitura municipal de Luzerna","categoria":"Ata de registro de pre\u00e7os","link":"https:\/\/www.diariomunicipal.sc.gov.br\/?q=id:7000182","texto":"<html xmlns=\"http:\/\/www.w3.org\/1999\/xhtml\">\n\n    <head>\n\n        <meta name=\"pdf:PDFVersion\" content=\"1.7\"\/>\n\n        <meta name=\"xmp:CreatorTool\" content=\"Microsoft&reg; Word 2021\"\/>\n\n        <meta name=\"pdf:hasXFA\" content=\"false\"\/>\n\n        <meta name=\"access_permission:modify_annotations\" content=\"true\"\/>\n\n        <meta name=\"access_permission:can_print_degraded\" content=\"true\"\/>\n\n        <meta name=\"dc:creator\" content=\"Mariana de Azevedo Ramos\"\/>\n\n        <meta name=\"dcterms:created\" content=\"2025-02-28T20:14:58Z\"\/>\n\n        <meta name=\"dcterms:modified\" content=\"2025-02-28T20:14:58Z\"\/>\n\n        <meta name=\"dc:format\" content=\"application\/pdf; version=1.7\"\/>\n\n        <meta name=\"xmpMM:DocumentID\" content=\"uuid:F247E486-8F0C-4C50-9155-5CF5A4FDA2A0\"\/>\n\n        <meta name=\"pdf:docinfo:creator_tool\" content=\"Microsoft&reg; Word 2021\"\/>\n\n        <meta name=\"access_permission:fill_in_form\" content=\"true\"\/>\n\n        <meta name=\"pdf:docinfo:modified\" content=\"2025-02-28T20:14:58Z\"\/>\n\n        <meta name=\"pdf:hasCollection\" content=\"false\"\/>\n\n        <meta name=\"pdf:encrypted\" content=\"false\"\/>\n\n        <meta name=\"xmp:CreateDate\" content=\"2025-02-28T17:14:58Z\"\/>\n\n        <meta name=\"Content-Length\" content=\"3964931\"\/>\n\n        <meta name=\"pdf:hasMarkedContent\" content=\"true\"\/>\n\n        <meta name=\"Content-Type\" content=\"application\/pdf\"\/>\n\n        <meta name=\"xmp:ModifyDate\" content=\"2025-02-28T17:14:58Z\"\/>\n\n        <meta name=\"pdf:docinfo:creator\" content=\"Mariana de Azevedo Ramos\"\/>\n\n        <meta name=\"dc:language\" content=\"pt-BR\"\/>\n\n        <meta name=\"pdf:producer\" content=\"Microsoft&reg; Word 2021\"\/>\n\n        <meta name=\"access_permission:extract_for_accessibility\" content=\"true\"\/>\n\n        <meta name=\"access_permission:assemble_document\" content=\"true\"\/>\n\n        <meta name=\"xmpTPg:NPages\" content=\"2\"\/>\n\n        <meta name=\"pdf:hasXMP\" content=\"true\"\/>\n\n        <meta name=\"access_permission:extract_content\" content=\"true\"\/>\n\n        <meta name=\"access_permission:can_print\" content=\"true\"\/>\n\n        <meta name=\"X-TIKA:Parsed-By\" content=\"org.apache.tika.parser.CompositeParser\"\/>\n\n        <meta name=\"X-TIKA:Parsed-By\" content=\"org.apache.tika.parser.pdf.PDFParser\"\/>\n\n        <meta name=\"access_permission:can_modify\" content=\"true\"\/>\n\n        <meta name=\"pdf:docinfo:producer\" content=\"Microsoft&reg; Word 2021\"\/>\n\n        <meta name=\"pdf:docinfo:created\" content=\"2025-02-28T20:14:58Z\"\/>\n\n        <title>&#0;<\/title>\n\n    <\/head>\n\n    <body>\n        <body>\n            <p\/>\n\n            <p\/>\n\n            <p>2&ordm; TERMO ADITIVO<\/p>\n\n            <p>CONTRATO PML N&ordm; 020\/2023<\/p>\n\n            <p>PROCESSO LICITAT&Oacute;RIO N&ordm; 016\/2023 - PML<\/p>\n\n            <p>DISPENSA DE LICITA&Ccedil;&Atilde;O N&ordm; 002\/2023 - PML<\/p>\n\n            <p\/>\n\n            <p\/>\n\n            <p\/>\n\n            <p>Aos 28 (vinte e oito) dias do m&ecirc;s de fevereiro do ano de 2025, presentes de um lado, O MUNIC&Iacute;PIO DE LUZERNA\/SC, pessoa jur&iacute;dica de direito privado, devidamente inscrito no CNPJ\/MF sob o n&ordm; 01.613.428\/0001-72, com sede administrativa na Avenida 16 de fevereiro, 151, em Luzerna\/SC, por interm&eacute;dio de se Prefeito, JULIANO SCHNEIDER, inscrito no CPF\/MF n&ordm; 005.-21 e portador da c&eacute;dula de identidade n&ordm; 33, denominado CONTRATANTE e a empresa CPL DESENVOLVIMENTO DE SOFTWARE LTDA ME, pessoa jur&iacute;dica de direito privado, inscrita no CNPJ sob o n&ordm; 23.299.477\/0001-15, com sede na Rua Marechal Deodoro, 403 - sala 02, Centro, Conc&oacute;rdia\/SC, neste ato representada por seu s&oacute;cio administrador, o Sr. SILMAR ANTONIO BALBINOT, portador de documento de identidade do tipo RG n&ordm;, 62, inscrito no CPF sob o n&ordm; 383.-04, denominado CONTRATADO, t&ecirc;m entre si justo e contratado o presente TERMO ADITIVO A CONTRATA&Ccedil;&Atilde;O DE EMPRESA ESPECIALIZADA PARA O FORNECIMENTO, IMPLANTA&Ccedil;&Atilde;O\/MANUTEN&Ccedil;&Atilde;O, E CUSTOMIZA&Ccedil;&Atilde;O DE SOFTWARE WEB PARA CONTROLE E GERENCIAMENTO DAS CELEBRA&Ccedil;&Otilde;ES DE TERMOS DE PARCERIA ENTRE A ADMINISTRA&Ccedil;&Atilde;O MUNICIPAL DE LUZERNA E AS ORGANIZA&Ccedil;&Otilde;ES DA SOCIEDADE CIVIL - OSC, PORTAL DE TRANSPAR&Ecirc;NCIA DA CONCEDENTE E PROPONENTE, EM ATENDIMENTO &Agrave; LEI N&ordm; 13.019 DE 31 DE JULHO DE 2014, SENDO QUE A CONTRATA&Ccedil;&Atilde;O CONTEMPLA O LICENCIAMENTO MENSAL, IMPLANTA&Ccedil;&Atilde;O, CUSTOMIZA&Ccedil;&Atilde;O, TREINAMENTO E SUPORTE T&Eacute;CNICO DO SISTEMA, mediante as seguintes cl&aacute;usulas e condi&ccedil;&otilde;es:<\/p>\n\n            <p\/>\n\n            <p\/>\n\n            <p>CL&Aacute;USULA PRIMEIRA<\/p>\n\n            <p>DA PRORROGA&Ccedil;&Atilde;O<\/p>\n\n            <p\/>\n\n            <p>O presente Termo Aditivo tem por objeto, com concord&acirc;ncia de ambas as partes, a prorroga&ccedil;&atilde;o da vig&ecirc;ncia do Contrato original por mais 12 (doze) meses, em conformidade com o art. 57, II da Lei n&ordm;. 8.666\/93, passando a vigorar&aacute; at&eacute; 01 de mar&ccedil;o de 2026.<\/p>\n\n            <p\/>\n\n            <p\/>\n\n            <p>CL&Aacute;USULA SEGUNDA<\/p>\n\n            <p>DA APLICA&Ccedil;&Atilde;O DA CORRE&Ccedil;&Atilde;O INFLACION&Aacute;RIA<\/p>\n\n            <p\/>\n\n            <p>O valor contratado ser&aacute; reajustado a partir de 01 de mar&ccedil;o de 2025 pelo &iacute;ndice INPC (IBGE) acumulado nos &uacute;ltimos 12 (doze) meses, no percentual de 4,17%, passando o valor da contrata&ccedil;&atilde;o para:<\/p>\n\n            <p\/>\n\n            <table>\n                <thead>\n                    <tr>\t\n                        <th>\n                            <p>Item<\/p>\n\n                        <\/th>\t\n                        <th>\n                            <p>Quant.<\/p>\n\n                        <\/th>\t\n                        <th>\n                            <p>Descri&ccedil;&atilde;o<\/p>\n\n                        <\/th>\t\n                        <th>\n                            <p>Valor Unit&aacute;rio reajustado<\/p>\n\n                        <\/th>\t\n                        <th>\n                            <p>Valor Total reajustado<\/p>\n\n                        <\/th>\n                    <\/tr>\n\n                <\/thead>\n                <tbody>\n                    <tr>\t\n                        <th>\n                            <p>1<\/p>\n\n                        <\/th>\t\n                        <td>\n                            <p>12 meses<\/p>\n\n                        <\/td>\t\n                        <td>\n                            <p>Manuten&ccedil;&atilde;o mensal para fornecimento de licen&ccedil;a de uso por prazo determinado de software web de Gest&atilde;o de Recursos Repassados - GERR, para controle e gerenciamento das celebra&ccedil;&otilde;es dos termos de parceria entre a Administra&ccedil;&atilde;o P&uacute;blica e as Organiza&ccedil;&otilde;es da Sociedade Civil (OSC), portal de transpar&ecirc;ncia da concedente e proponente, em atendimento ao Marco Regulat&oacute;rio das Organiza&ccedil;&otilde;es da Sociedade Civil, Lei, 13.019 de 31 de julho de 2014; gerenciamento de editais de capta&ccedil;&atilde;o de<\/p>\n\n                        <\/td>\t\n                        <td>\n                            <p>R$ 491,88<\/p>\n\n                        <\/td>\t\n                        <td>\n                            <p>R$ 5.902,56<\/p>\n\n                        <\/td>\n                    <\/tr>\n\n                <\/tbody>\n            <\/table>\n\n            <table>\n                <tbody>\n                    <tr>\t\n                        <th\/>\t\n                        <td\/>\t\n                        <td\/>\t\n                        <td\/>\t\n                        <td>\n                            <p>recurso atrav&eacute;s leis de incentivo fiscal (chancelas); gest&atilde;o de conv&ecirc;nios, subven&ccedil;&atilde;o social, contrato de gest&atilde;o, emendas impositivas; incluindo provimento de datacenter, limitado ao espa&ccedil;o total em disco de 20 gigabytes.<\/p>\n\n                            <p>Quantidade de usu&aacute;rios: livre.<\/p>\n\n                        <\/td>\n                    <\/tr>\n\n                <\/tbody>\n            <\/table>\n\n            <p\/>\n\n            <p\/>\n\n            <p>CL&Aacute;USULA TERCEIRA<\/p>\n\n            <p>DA DOTA&Ccedil;&Atilde;O OR&Ccedil;AMENT&Aacute;RIA<\/p>\n\n            <p\/>\n\n            <p>As despesas provenientes do presente Termo Aditivo correr&atilde;o por conta da seguinte dota&ccedil;&atilde;o or&ccedil;ament&aacute;ria:<\/p>\n\n            <p\/>\n\n            <p>A&ccedil;&atilde;o: 03.001.04.122.300.2.302 - Manuten&ccedil;&atilde;o da Secretaria de Administra&ccedil;&atilde;o e Finan&ccedil;as<\/p>\n\n            <p>GND: 3.3.90. Outras despesas correntes - Aplica&ccedil;&otilde;es diretas<\/p>\n\n            <p>Fonte:1.500.0000.00 - Recursos vinculados de impostos<\/p>\n\n            <p\/>\n\n            <p\/>\n\n            <p>CL&Aacute;USULA QUARTA<\/p>\n\n            <p>DA RATIFICA&Ccedil;&Atilde;O E PUBLICA&Ccedil;&Atilde;O<\/p>\n\n            <p\/>\n\n            <p>As demais cl&aacute;usulas e condi&ccedil;&otilde;es firmadas no Contrato e aditivos permanecem inalteradas.<\/p>\n\n            <p>O Termo Aditivo ser&aacute; publicado no &oacute;rg&atilde;o oficial de divulga&ccedil;&atilde;o dos atos das partes contratantes, como condi&ccedil;&atilde;o indispens&aacute;vel &agrave; sua efic&aacute;cia, conforme disposto no art. 61, par&aacute;grafo &uacute;nico, da Lei n.&ordm; 8.666\/93.<\/p>\n\n            <p>E, por estarem justas e contratadas, lavra-se o presente termo de Contrato aditivo, assinado de forma eletr&ocirc;nica de acordo com a Lei Federal n&ordm; 14.063, de 23 de setembro de 2020 e no Decreto n&ordm; 3.068, de 29 de abril de 2021, para que produzam os devidos efeitos.<\/p>\n\n            <p\/>\n\n            <p>Luzerna\/SC, 28 de fevereiro de 2025.<\/p>\n\n            <p\/>\n\n            <p\/>\n\n            <p\/>\n\n            <p>JULIANO SCHNEIDER<\/p>\n\n            <p>PREFEITO<\/p>\n\n            <p>CONTRATANTE<\/p>\n\n            <p\/>\n\n            <p>SILMAR ANTONIO BALBINOT<\/p>\n\n            <p>CPL DESENVOLVIMENTO DE SOFTWARE LTDA ME<\/p>\n\n            <p>CONTRATADO<\/p>\n\n            <p\/>\n\n            <p>TESTEMUNHAS:<\/p>\n\n            <p>1. --------------------------------------------    2. -------------------------------------------<\/p>\n\n            <p>Nome:     Nome:<\/p>\n\n            <p>CPF:     CPF:<\/p>\n\n        <\/body>\n        <p> ESTADO DE SANTA CATARINA MUNIC&Iacute;PIO DE LUZERNA Av. 16 de Fevereiro, n&ordm; 151, Centro, Luzerna\/SC, 89609-000 (49) 3551-4700 | www.luzerna.sc.gov.br |    \nP&aacute;gina 2 de 2  \n\n<\/p>\n\n        <p> ESTADO DE SANTA CATARINA MUNIC&Iacute;PIO DE LUZERNA Av. 16 de Fevereiro, n&ordm; 151, Centro, Luzerna\/SC, 89609-000 (49) 3551-4700 | www.luzerna.sc.gov.br |    \nP&aacute;gina 1 de 2  \n\n\n<\/p>\n\n        <div class=\"page\">\n            <p\/>\n\n        <\/div>\n\n        <div class=\"page\">\n            <p\/>\n\n        <\/div>\n\n    <\/body>\n<\/html>\n","url":"https:\/\/www.diariomunicipal.sc.gov.br\/arquivosbd\/atos\/2025\/03\/1740849012_28.02.2025__prorrogao__gerr__cpl_desenvolvimento_de_software_ltda_me_extrato.pdf"},{"codigo":"7000183","titulo":"2\u00ba TERMO ADITIVO AO CONTRATO PML N\u00ba 128\/2024","data":"2025-03-01 14:25:17","cod_registro_info_sfinge":null,"municipio":"Luzerna","entidade":"Prefeitura municipal de Luzerna","categoria":"Ata de registro de pre\u00e7os","link":"https:\/\/www.diariomunicipal.sc.gov.br\/?q=id:7000183","texto":"<html xmlns=\"http:\/\/www.w3.org\/1999\/xhtml\">\n\n    <head>\n\n        <meta name=\"pdf:PDFVersion\" content=\"1.7\"\/>\n\n        <meta name=\"xmp:CreatorTool\" content=\"Microsoft&reg; Word 2021\"\/>\n\n        <meta name=\"pdf:docinfo:title\" content=\"MUNICIPIO DE LUZERNA\"\/>\n\n        <meta name=\"pdf:hasXFA\" content=\"false\"\/>\n\n        <meta name=\"access_permission:modify_annotations\" content=\"true\"\/>\n\n        <meta name=\"access_permission:can_print_degraded\" content=\"true\"\/>\n\n        <meta name=\"dc:creator\" content=\"Cristiane\"\/>\n\n        <meta name=\"dcterms:created\" content=\"2025-03-01T17:21:31Z\"\/>\n\n        <meta name=\"dcterms:modified\" content=\"2025-03-01T17:21:31Z\"\/>\n\n        <meta name=\"dc:format\" content=\"application\/pdf; version=1.7\"\/>\n\n        <meta name=\"xmpMM:DocumentID\" content=\"uuid:1AC604C2-2DCC-4B74-B6A9-B048060D5E77\"\/>\n\n        <meta name=\"pdf:docinfo:creator_tool\" content=\"Microsoft&reg; Word 2021\"\/>\n\n        <meta name=\"access_permission:fill_in_form\" content=\"true\"\/>\n\n        <meta name=\"pdf:docinfo:modified\" content=\"2025-03-01T17:21:31Z\"\/>\n\n        <meta name=\"pdf:hasCollection\" content=\"false\"\/>\n\n        <meta name=\"pdf:encrypted\" content=\"false\"\/>\n\n        <meta name=\"dc:title\" content=\"MUNICIPIO DE LUZERNA\"\/>\n\n        <meta name=\"xmp:CreateDate\" content=\"2025-03-01T14:21:31Z\"\/>\n\n        <meta name=\"Content-Length\" content=\"135720\"\/>\n\n        <meta name=\"pdf:hasMarkedContent\" content=\"true\"\/>\n\n        <meta name=\"Content-Type\" content=\"application\/pdf\"\/>\n\n        <meta name=\"xmp:ModifyDate\" content=\"2025-03-01T14:21:31Z\"\/>\n\n        <meta name=\"pdf:docinfo:creator\" content=\"Cristiane\"\/>\n\n        <meta name=\"dc:language\" content=\"pt-BR\"\/>\n\n        <meta name=\"pdf:producer\" content=\"Microsoft&reg; Word 2021\"\/>\n\n        <meta name=\"access_permission:extract_for_accessibility\" content=\"true\"\/>\n\n        <meta name=\"access_permission:assemble_document\" content=\"true\"\/>\n\n        <meta name=\"xmpTPg:NPages\" content=\"2\"\/>\n\n        <meta name=\"pdf:hasXMP\" content=\"true\"\/>\n\n        <meta name=\"access_permission:extract_content\" content=\"true\"\/>\n\n        <meta name=\"access_permission:can_print\" content=\"true\"\/>\n\n        <meta name=\"X-TIKA:Parsed-By\" content=\"org.apache.tika.parser.CompositeParser\"\/>\n\n        <meta name=\"X-TIKA:Parsed-By\" content=\"org.apache.tika.parser.pdf.PDFParser\"\/>\n\n        <meta name=\"access_permission:can_modify\" content=\"true\"\/>\n\n        <meta name=\"pdf:docinfo:producer\" content=\"Microsoft&reg; Word 2021\"\/>\n\n        <meta name=\"pdf:docinfo:created\" content=\"2025-03-01T17:21:31Z\"\/>\n\n        <title>MUNICIPIO DE LUZERNA<\/title>\n\n    <\/head>\n\n    <body>\n        <body>\n            <p>2&ordm; TERMO ADITIVO<\/p>\n\n            <p>CONTRATO PML N&ordm; 128\/2024<\/p>\n\n            <p>PROCESSO LICITAT&Oacute;RIO N&ordm; 059\/2024 - PML<\/p>\n\n            <p>PREG&Atilde;O ELETR&Ocirc;NICO N&ordm; 044\/2024 &ndash; PML<\/p>\n\n            <p>(EDITAL LEI N&ordm; 14.133\/2021)<\/p>\n\n            <p\/>\n\n            <p\/>\n\n            <p>Aos 28 (vinte e oito) dias do m&ecirc;s de fevereiro do ano de 2025, presentes de um lado, o MUNIC&Iacute;PIO DE LUZERNA\/SC, pessoa jur&iacute;dica de direito p&uacute;blico interno, inscrito no CNPJ\/MF sob o n&ordm; 01.613.428\/0001-72, com sede administrativa na Avenida 16 de Fevereiro, 151, em Luzerna\/SC e neste ato representado por seu Prefeito, Sr. JULIANO SCHNEIDER, denominado CONTRATANTE e a empresa HUBERT ENGENHARIA E CONSTRUTORA LTDA, pessoa jur&iacute;dica de direto privado, inscrita no CNPJ sob o n&ordm; 36.045.596\/0001-93, com sede na rua Aquiles de Paula Linhares, 62, apt. 301, Berger, Ca&ccedil;ador\/SC, CEP 89.500-250, neste ato representada por ANDREY MARCOS HUBERT, inscrito no CPF sob o n&ordm; 091.970.***-70, doravante denominada CONTRATADA, t&ecirc;m entre si justo e contratado o presente Termo Aditivo para a CONTRATA&Ccedil;&Atilde;O DE EMPRESA ESPECIALIZADA PARA EXECU&Ccedil;&Atilde;O DE SERVI&Ccedil;OS DE ENGENHARIA DE REFORMAS NO ESF VILA ALEMANHA E DELEGACIA CIVIL DO MUNIC&Iacute;PIO DE LUZERNA\/SC, mediante as seguintes cl&aacute;usulas e condi&ccedil;&otilde;es:<\/p>\n\n            <p\/>\n\n            <p\/>\n\n            <p>CL&Aacute;USULA PRIMEIRA<\/p>\n\n            <p>DOS VALORES<\/p>\n\n            <p\/>\n\n            <p>Ficam alterados os valores inicialmente pactuados, conforme planilha or&ccedil;ament&aacute;ria atualizada, parte anexa deste termo, que corresponde:<\/p>\n\n            <p\/>\n\n            <ul>\t\n                <li>1.1. Ficam aditivados os valores em: ADI&Ccedil;&Atilde;O de R$ 1.451,35 (mil reais, quatrocentos e cinquenta e um reais e trinta e cinco centavos), do valor original do Contrato.\n                    <ul>\t\n                        <li>1.2. Ficam suprimidos os valores em: SUPRESS&Atilde;O de R$ 196,38 (cento e noventa e seis reais e trinta e oito centavos), do valor original do Contrato.<\/li>\n\n                    <\/ul>\n\n                <\/li>\n\n            <\/ul>\n\n            <p\/>\n\n            <p\/>\n\n            <p>As altera&ccedil;&otilde;es s&atilde;o precedidas e justificadas pelo Ass. Pl. 15\/2025, bem como descritas pela planilha de or&ccedil;amentos, ambos documentos parte anexa deste contrato aditivo.<\/p>\n\n            <p\/>\n\n            <p\/>\n\n            <p>CL&Aacute;USULA SEGUNDA<\/p>\n\n            <p>DA DOTA&Ccedil;&Atilde;O OR&Ccedil;AMENT&Aacute;RIA<\/p>\n\n            <p\/>\n\n            <p>As despesas provenientes do presente Termo Aditivo correr&atilde;o por conta da seguinte dota&ccedil;&atilde;o or&ccedil;ament&aacute;ria:<\/p>\n\n            <p\/>\n\n            <p>A&ccedil;&atilde;o: 05.001.10.301.0500.2.502 - Manuten&ccedil;&atilde;o do bloco da Aten&ccedil;&atilde;o B&aacute;sica<\/p>\n\n            <p>Modalidade de Aplica&ccedil;&atilde;o (s): 4.4.90. Investimentos - Aplica&ccedil;&otilde;es diretas<\/p>\n\n            <p>Fonte: 1.500.1002.00 - Rec. de Imp. e Transf. de Impostos - Sa&uacute;de<\/p>\n\n            <p\/>\n\n            <p\/>\n\n            <p>CL&Aacute;USULA TERCEIRA<\/p>\n\n            <p>DA RATIFICA&Ccedil;&Atilde;O E PUBLICA&Ccedil;&Atilde;O<\/p>\n\n            <p\/>\n\n            <p>As demais cl&aacute;usulas e condi&ccedil;&otilde;es firmadas no Contrato e Termos Aditivos permanecem inalteradas.<\/p>\n\n            <p\/>\n\n            <p>O Termo Aditivo ser&aacute; publicado no &oacute;rg&atilde;o oficial de divulga&ccedil;&atilde;o dos atos das partes contratantes, como condi&ccedil;&atilde;o indispens&aacute;vel &agrave; sua efic&aacute;cia, conforme disposto na Lei n.14.133\/2021.<\/p>\n\n            <p\/>\n\n            <p>E, por estarem justas e contratadas, lavra-se o presente termo de Contrato aditivo, assinado de forma eletr&ocirc;nica de acordo com a Lei Federal n&ordm; 14.063, de 23 de setembro de 2020 e no Decreto n&ordm; 3.068, de 29 de abril de 2021, para que produzam os devidos efeitos.<\/p>\n\n            <p\/>\n\n            <p>Luzerna\/SC, 28 de fevereiro de 2025.<\/p>\n\n            <p\/>\n\n            <p\/>\n\n            <p\/>\n\n            <p\/>\n\n            <p>JULIANO SCHNEIDER<\/p>\n\n            <p>PREFEITO<\/p>\n\n            <p>CONTRATANTE<\/p>\n\n            <p\/>\n\n            <p\/>\n\n            <p>HUBERT ENGENHARIA E CONSTRUTORA LTDA<\/p>\n\n            <p>ANDREY MARCOS HUBERT<\/p>\n\n            <p>FORNECEDOR 1<\/p>\n\n            <p\/>\n\n            <p\/>\n\n            <p>TESTEMUNHAS:<\/p>\n\n            <p>1. --------------------------------------------     2. -----------------------------------------<\/p>\n\n        <\/body>\n        <p> ESTADO DE SANTA CATARINA MUNIC&Iacute;PIO DE LUZERNA Av. 16 de Fevereiro, n&ordm; 151, Centro, Luzerna\/SC, 89609-000 (49) 3551-4700 | www.luzerna.sc.gov.br |      \nP&aacute;gina 1 de 2  <\/p>\n\n        <p> ESTADO DE SANTA CATARINA MUNIC&Iacute;PIO DE LUZERNA Av. 16 de Fevereiro, n&ordm; 151, Centro, Luzerna\/SC, 89609-000 (49) 3551-4700 | www.luzerna.sc.gov.br |      \nP&aacute;gina 2 de 2  <\/p>\n\n        <div class=\"page\">\n            <p\/>\n\n        <\/div>\n\n        <div class=\"page\">\n            <p\/>\n\n        <\/div>\n\n    <\/body>\n<\/html>\n","url":"https:\/\/www.diariomunicipal.sc.gov.br\/arquivosbd\/atos\/2025\/03\/1740849911_28.02.2025__2_termo_aditivo_ao_contrato_128.2024__hubert_engenharia_e_construtora_ltda_extrato.pdf"}],"edicoes_ordinarias_exclusivas":[null]}