{"autopublicacoes":[{"codigo":"7126039","titulo":"PUBLICA\u00c7\u00c3O DE ORDEM DO DIA - SESS\u00c3O DE 07\/04\/2025","data":"2025-04-06 18:08:26","cod_registro_info_sfinge":null,"municipio":"S\u00e3o Carlos","entidade":"C\u00e2mara de Vereadores de S\u00e3o Carlos","categoria":"Outras publica\u00e7\u00f5es","link":"https:\/\/www.diariomunicipal.sc.gov.br\/?q=id:7126039","texto":"<html xmlns=\"http:\/\/www.w3.org\/1999\/xhtml\">\n\n    <head>\n\n        <meta name=\"pdf:PDFVersion\" content=\"1.7\"\/>\n\n        <meta name=\"xmp:CreatorTool\" content=\"Microsoft&reg; Word 2019\"\/>\n\n        <meta name=\"pdf:hasXFA\" content=\"false\"\/>\n\n        <meta name=\"access_permission:modify_annotations\" content=\"true\"\/>\n\n        <meta name=\"access_permission:can_print_degraded\" content=\"true\"\/>\n\n        <meta name=\"dc:creator\" content=\"Meu Computador\"\/>\n\n        <meta name=\"dcterms:created\" content=\"2025-04-06T20:43:04Z\"\/>\n\n        <meta name=\"dcterms:modified\" content=\"2025-04-06T20:43:04Z\"\/>\n\n        <meta name=\"dc:format\" content=\"application\/pdf; version=1.7\"\/>\n\n        <meta name=\"xmpMM:DocumentID\" content=\"uuid:714C49E2-DBFD-4EA9-849C-FDFAC53A4DEE\"\/>\n\n        <meta name=\"pdf:docinfo:creator_tool\" content=\"Microsoft&reg; Word 2019\"\/>\n\n        <meta name=\"access_permission:fill_in_form\" content=\"true\"\/>\n\n        <meta name=\"pdf:docinfo:modified\" content=\"2025-04-06T20:43:04Z\"\/>\n\n        <meta name=\"pdf:hasCollection\" content=\"false\"\/>\n\n        <meta name=\"pdf:encrypted\" content=\"false\"\/>\n\n        <meta name=\"xmp:CreateDate\" content=\"2025-04-06T17:43:04Z\"\/>\n\n        <meta name=\"Content-Length\" content=\"111513\"\/>\n\n        <meta name=\"pdf:hasMarkedContent\" content=\"true\"\/>\n\n        <meta name=\"Content-Type\" content=\"application\/pdf\"\/>\n\n        <meta name=\"xmp:ModifyDate\" content=\"2025-04-06T17:43:04Z\"\/>\n\n        <meta name=\"pdf:docinfo:creator\" content=\"Meu Computador\"\/>\n\n        <meta name=\"dc:language\" content=\"pt\"\/>\n\n        <meta name=\"pdf:producer\" content=\"Microsoft&reg; Word 2019\"\/>\n\n        <meta name=\"access_permission:extract_for_accessibility\" content=\"true\"\/>\n\n        <meta name=\"access_permission:assemble_document\" content=\"true\"\/>\n\n        <meta name=\"xmpTPg:NPages\" content=\"1\"\/>\n\n        <meta name=\"pdf:hasXMP\" content=\"true\"\/>\n\n        <meta name=\"access_permission:extract_content\" content=\"true\"\/>\n\n        <meta name=\"access_permission:can_print\" content=\"true\"\/>\n\n        <meta name=\"X-TIKA:Parsed-By\" content=\"org.apache.tika.parser.CompositeParser\"\/>\n\n        <meta name=\"X-TIKA:Parsed-By\" content=\"org.apache.tika.parser.pdf.PDFParser\"\/>\n\n        <meta name=\"access_permission:can_modify\" content=\"true\"\/>\n\n        <meta name=\"pdf:docinfo:producer\" content=\"Microsoft&reg; Word 2019\"\/>\n\n        <meta name=\"pdf:docinfo:created\" content=\"2025-04-06T20:43:04Z\"\/>\n\n        <title>&#0;<\/title>\n\n    <\/head>\n\n    <body>\n        <body>\n            <p>PUBLICA&Ccedil;&Atilde;O DE ORDEM DO DIA <\/p>\n\n            <p> <\/p>\n\n            <p>10&ordf; SESS&Atilde;O ORDIN&Aacute;RIA <\/p>\n\n            <p>1&ordf; SESS&Atilde;O LEGISLATIVA <\/p>\n\n            <p>18&ordf; LEGISLATURA - 2025\/2028 <\/p>\n\n            <p>DATA: 07 DE ABRIL DE 2025, 19h00min. <\/p>\n\n            <p>LOCAL: Avenida Santa Catarina, 1.010, Centro, S&atilde;o Carlos - SC <\/p>\n\n            <p> <\/p>\n\n            <p>Em cumprimento ao art. 167 do Regimento Interno, a C&acirc;mara de Vereadores de S&atilde;o Carlos divulga a Ordem do Dia dos trabalhos legislativos, garantindo transpar&ecirc;ncia e publicidade &agrave;s mat&eacute;rias a serem deliberadas: <\/p>\n\n            <p> <\/p>\n\n            <table>\n                <tbody>\n                    <tr>\t\n                        <td>\n                            <p>SEQU&Ecirc;NCIA <\/p>\n\n                        <\/td>\t\n                        <td>\n                            <p>PROPOSI&Ccedil;&Atilde;O <\/p>\n\n                        <\/td>\n                    <\/tr>\n\n                    <tr>\t\n                        <td>\n                            <p> <\/p>\n\n                            <p> <\/p>\n\n                            <p> <\/p>\n\n                            <p> <\/p>\n\n                            <p>1 <\/p>\n\n                        <\/td>\t\n                        <td>\n                            <p>Projeto de Lei Ordin&aacute;ria n.&ordm; 006\/2025 que &ldquo;Autoriza o Poder Executivo a celebrar termo de fomento com a Associa&ccedil;&atilde;o S&atilde;o Carlos de Futsal - ASCF, e d&aacute; outras provid&ecirc;ncias&rdquo;. <\/p>\n\n                        <\/td>\n                    <\/tr>\n\n                    <tr>\t\n                        <td\/>\t\n                        <td>\n                            <p>Parecer favor&aacute;vel da Comiss&atilde;o de Legisla&ccedil;&atilde;o, Justi&ccedil;a e Reda&ccedil;&atilde;o de Leis e da Comiss&atilde;o de Finan&ccedil;as e Or&ccedil;amento. <\/p>\n\n                            <p>Relatores: Thiago Mezzomo e Sidney Jos&eacute; Breier. <\/p>\n\n                        <\/td>\n                    <\/tr>\n\n                    <tr>\t\n                        <td\/>\t\n                        <td>\n                            <p>2&ordf; Discuss&atilde;o\/Vota&ccedil;&atilde;o - Maioria simples <\/p>\n\n                        <\/td>\n                    <\/tr>\n\n                    <tr>\t\n                        <td>\n                            <p> <\/p>\n\n                            <p> <\/p>\n\n                            <p> <\/p>\n\n                            <p>2 <\/p>\n\n                        <\/td>\t\n                        <td>\n                            <p>Projeto de Lei Ordin&aacute;ria n.&ordm; 007\/2025 que &ldquo;Autoriza o Poder Executivo a celebrar termo de fomento com a Associa&ccedil;&atilde;o Esportiva Recreativa e Cultural &ndash; AFA, e d&aacute; outras provid&ecirc;ncias&rdquo; <\/p>\n\n                        <\/td>\n                    <\/tr>\n\n                    <tr>\t\n                        <td\/>\t\n                        <td>\n                            <p>Parecer favor&aacute;vel da Comiss&atilde;o de Legisla&ccedil;&atilde;o, Justi&ccedil;a e Reda&ccedil;&atilde;o de Leis e da Comiss&atilde;o de Finan&ccedil;as e Or&ccedil;amento. <\/p>\n\n                            <p>Relatores: Thiago Mezzomo e Sidney Jos&eacute; Breier. <\/p>\n\n                        <\/td>\n                    <\/tr>\n\n                    <tr>\t\n                        <td\/>\t\n                        <td>\n                            <p>2&ordf; Discuss&atilde;o\/Vota&ccedil;&atilde;o - Maioria simples <\/p>\n\n                        <\/td>\n                    <\/tr>\n\n                <\/tbody>\n            <\/table>\n\n            <p\/>\n\n            <p>S&atilde;o Carlos\/SC, 06\/04\/2025.<\/p>\n\n            <p\/>\n\n        <\/body>\n        <p>   C&Acirc;MARA DE VEREADORES DE  S&Atilde;O CARLOS - SC  \n Avenida Santa Catarina, 1.010 (Pr&eacute;dio Hist&oacute;rico), Centro, S&atilde;o Carlos \/SC &ndash; CEP: 89885-000 E-mail: camara@saocarlos.sc.leg.br - Telefone: (49) 3325-4370 \n\n\n\n\n\n\n\n\n<\/p>\n\n        <div class=\"page\">\n            <p\/>\n\n        <\/div>\n\n    <\/body>\n<\/html>\n","url":"https:\/\/www.diariomunicipal.sc.gov.br\/arquivosbd\/atos\/2025\/04\/1743972261_ordem_do_dia__07042025_extrato.pdf"},{"codigo":"7126043","titulo":"PORTARIA N\u00ba 05\/2025\/SEMAD","data":"2025-04-06 21:40:37","cod_registro_info_sfinge":null,"municipio":"Jaragu\u00e1 do Sul","entidade":"Prefeitura municipal de Jaragu\u00e1 do Sul","categoria":"Portarias","link":"https:\/\/www.diariomunicipal.sc.gov.br\/?q=id:7126043","texto":"<html xmlns=\"http:\/\/www.w3.org\/1999\/xhtml\">\n\n    <head>\n\n        <meta name=\"pdf:PDFVersion\" content=\"1.4\"\/>\n\n        <meta name=\"xmp:CreatorTool\" content=\"Writer\"\/>\n\n        <meta name=\"pdf:hasXFA\" content=\"false\"\/>\n\n        <meta name=\"access_permission:modify_annotations\" content=\"true\"\/>\n\n        <meta name=\"access_permission:can_print_degraded\" content=\"true\"\/>\n\n        <meta name=\"pdfa:PDFVersion\" content=\"A-1a\"\/>\n\n        <meta name=\"dc:creator\" content=\"Usu&aacute;rio do Microsoft Office\"\/>\n\n        <meta name=\"dcterms:created\" content=\"2025-03-07T13:07:48Z\"\/>\n\n        <meta name=\"dc:format\" content=\"application\/pdf; version=1.4\"\/>\n\n        <meta name=\"pdf:docinfo:creator_tool\" content=\"Writer\"\/>\n\n        <meta name=\"access_permission:fill_in_form\" content=\"true\"\/>\n\n        <meta name=\"pdf:hasCollection\" content=\"false\"\/>\n\n        <meta name=\"pdf:encrypted\" content=\"false\"\/>\n\n        <meta name=\"pdfuaid:part\" content=\"1\"\/>\n\n        <meta name=\"xmp:CreateDate\" content=\"2025-03-07T10:07:48Z\"\/>\n\n        <meta name=\"Content-Length\" content=\"136805\"\/>\n\n        <meta name=\"pdf:hasMarkedContent\" content=\"true\"\/>\n\n        <meta name=\"Content-Type\" content=\"application\/pdf\"\/>\n\n        <meta name=\"pdf:docinfo:creator\" content=\"Usu&aacute;rio do Microsoft Office\"\/>\n\n        <meta name=\"pdfaid:conformance\" content=\"A\"\/>\n\n        <meta name=\"dc:language\" content=\"pt-BR\"\/>\n\n        <meta name=\"pdf:producer\" content=\"LibreOffice 7.4\"\/>\n\n        <meta name=\"access_permission:extract_for_accessibility\" content=\"true\"\/>\n\n        <meta name=\"access_permission:assemble_document\" content=\"true\"\/>\n\n        <meta name=\"xmpTPg:NPages\" content=\"1\"\/>\n\n        <meta name=\"pdf:hasXMP\" content=\"true\"\/>\n\n        <meta name=\"access_permission:extract_content\" content=\"true\"\/>\n\n        <meta name=\"pdfaid:part\" content=\"1\"\/>\n\n        <meta name=\"access_permission:can_print\" content=\"true\"\/>\n\n        <meta name=\"X-TIKA:Parsed-By\" content=\"org.apache.tika.parser.CompositeParser\"\/>\n\n        <meta name=\"X-TIKA:Parsed-By\" content=\"org.apache.tika.parser.pdf.PDFParser\"\/>\n\n        <meta name=\"access_permission:can_modify\" content=\"true\"\/>\n\n        <meta name=\"pdf:docinfo:producer\" content=\"LibreOffice 7.4\"\/>\n\n        <meta name=\"pdf:docinfo:created\" content=\"2025-03-07T13:07:48Z\"\/>\n\n        <title>&#0;<\/title>\n\n    <\/head>\n\n    <body>\n        <body>\n            <p>                                                     <\/p>\n\n            <p>PORTARIA N&ordm; 05\/2025\/SEMAD<\/p>\n\n            <p>Designa Servidor para Exercer a Fun&ccedil;&atilde;o de Gestor e Fiscal do Contrato 1295\/2024 &ndash; Empresa Brasileira de Correios e Tel&eacute;grafos.<\/p>\n\n            <p>O Secret&aacute;rio Municipal da Administra&ccedil;&atilde;o, no uso das atribui&ccedil;&otilde;es que lhe s&atilde;o conferidas pelo Decreto Municipal n&deg; 12.302 de 06 de setembro de 2018;<\/p>\n\n            <p>CONSIDERANDO as disposi&ccedil;&otilde;es constantes no Decreto Municipal N&ordm; 13.047\/2019 que aprova o Manual de Gest&atilde;o e Fiscaliza&ccedil;&atilde;o de Contratos;<\/p>\n\n            <p>CONSIDERANDO as disposi&ccedil;&otilde;es constantes na Lei Federal N&ordm; 14.133\/2021 que disp&otilde;e sobre a &ldquo;Lei de Licita&ccedil;&otilde;es e Contratos Administrativos&rdquo;;<\/p>\n\n            <p>CONSIDERANDO as disposi&ccedil;&otilde;es constantes no Decreto Municipal N&ordm; 16.996\/2023 regulamenta a Lei Federal N&ordm; \n                <a href=\"http:\/\/www.planalto.gov.br\/ccivil_03\/_ato2019-2022\/2021\/lei\/L14133.htm\">14.133<\/a>\/2021, no Munic&iacute;pio de Jaragu&aacute; do Sul e legisla&ccedil;&atilde;o correlata;\n            <\/p>\n\n            <p>CONSIDERANDO as disposi&ccedil;&otilde;es constantes no processo de Dispensa de Licita&ccedil;&atilde;o N&ordm; 183\/2024.<\/p>\n\n            <p>CONSIDERANDO a necessidade de substitui&ccedil;&atilde;o de servidores junto a Administra&ccedil;&atilde;o Municipal. <\/p>\n\n            <p>R E S O L V E :<\/p>\n\n            <p>Art.1&deg; DESIGNAR, a servidora p&uacute;blica Municipal KARINE KATH JOCHEM SCHMITT, Matr&iacute;cula 127258, para exercer a fun&ccedil;&atilde;o de GESTORA do Contrato 1295\/2024 em substitui&ccedil;&atilde;o a CAMILA SOUZA DA ROSA.<\/p>\n\n            <p>Art.2&deg; Permanece inalterado o FISCAL do Contrato, sendo este:o servidor DENILSON RODOLFO DERETTI matr&iacute;cula 8661.<\/p>\n\n            <p>Art.3&deg; Compete aos servidores designados como fiscais do contrato fiscalizar a execu&ccedil;&atilde;o, relatando ao gestor os incidentes contratuais para que tome as provid&ecirc;ncias cab&iacute;veis, al&eacute;m das demais atribui&ccedil;&otilde;es legais a ele inerentes.<\/p>\n\n            <p>Art.4&deg; Esta Portaria se extingue automaticamente ao vencimento do contrato.<\/p>\n\n            <p>Art.5&deg; Esta Portaria revoga a Portaria 80\/2024\/SEMAD entrando em vigor na data de sua publica&ccedil;&atilde;o com efeitos retroativos a 01 de mar&ccedil;o de 2025.<\/p>\n\n            <p>REGISTRE-SE, COMUNIQUE-SE e CUMPRA-SE.<\/p>\n\n            <p>Jaragu&aacute; do Sul, 07 de mar&ccedil;o de 2025.<\/p>\n\n            <p>Douglas Antonio Concei&ccedil;&atilde;o<\/p>\n\n            <p> Secret&aacute;rio Municipal da Administra&ccedil;&atilde;o<\/p>\n\n        <\/body>\n        <p>\n\nESTADO\n \nDE\n \nSANTA\n \nCATARINA\nMUNIC&Iacute;PIO\n \nDE\n \nJARAGU&Aacute;\n \nDO\n \nSUL\nSECRETARIA DA ADMINISTRA&Ccedil;&Atilde;O\n\n\n\n\n\n\n\n\n\n\n\n\n\n\n\n\n\n\n\n\n\n\n\n\n\n\n\n\n\n\n\n\n\n\n\n\n\n\n\n\n\n\n\n\n\nPrefeitura Municipal de Jaragu\n\n&aacute; do Sul - SC - CNPJ: 83.102.459\/0001-23 - Rua Walter Marquardt, 1111 \n\nBarra do Ri\n\no Molha - 89259-565 - Caixa Postal 421 - Fone: (047) 2106-8000<\/p>\n\n        <div class=\"page\">\n            <p\/>\n\n        <\/div>\n\n    <\/body>\n<\/html>\n","url":"https:\/\/www.diariomunicipal.sc.gov.br\/arquivosbd\/atos\/2025\/04\/1743986263_portaria_05.2025_semad_extrato.pdf"}]}