{"autopublicacoes":[{"codigo":"7126036","titulo":"EDITAL N. 020\/2025 - ERRATA AO EDITAL N. 019\/2025","data":"2025-04-06 13:36:18","cod_registro_info_sfinge":null,"municipio":"Caibi","entidade":"Prefeitura municipal de Caibi","categoria":"Outras publica\u00e7\u00f5es","link":"https:\/\/www.diariomunicipal.sc.gov.br\/?q=id:7126036","texto":"<html xmlns=\"http:\/\/www.w3.org\/1999\/xhtml\">\n\n    <head>\n\n        <meta name=\"pdf:PDFVersion\" content=\"1.7\"\/>\n\n        <meta name=\"xmp:CreatorTool\" content=\"Microsoft&reg; Word 2019\"\/>\n\n        <meta name=\"pdf:docinfo:title\" content=\"Of&iacute;cio GP n&ordm; 021\/2009\"\/>\n\n        <meta name=\"pdf:hasXFA\" content=\"false\"\/>\n\n        <meta name=\"access_permission:modify_annotations\" content=\"true\"\/>\n\n        <meta name=\"access_permission:can_print_degraded\" content=\"true\"\/>\n\n        <meta name=\"dc:creator\" content=\"Eloi\"\/>\n\n        <meta name=\"dcterms:created\" content=\"2025-04-06T16:35:37Z\"\/>\n\n        <meta name=\"dcterms:modified\" content=\"2025-04-06T16:35:37Z\"\/>\n\n        <meta name=\"dc:format\" content=\"application\/pdf; version=1.7\"\/>\n\n        <meta name=\"xmpMM:DocumentID\" content=\"uuid:FB1D4E90-4E30-4D4D-A61E-98A9BFE565C2\"\/>\n\n        <meta name=\"pdf:docinfo:creator_tool\" content=\"Microsoft&reg; Word 2019\"\/>\n\n        <meta name=\"access_permission:fill_in_form\" content=\"true\"\/>\n\n        <meta name=\"pdf:docinfo:modified\" content=\"2025-04-06T16:35:37Z\"\/>\n\n        <meta name=\"pdf:hasCollection\" content=\"false\"\/>\n\n        <meta name=\"pdf:encrypted\" content=\"false\"\/>\n\n        <meta name=\"dc:title\" content=\"Of&iacute;cio GP n&ordm; 021\/2009\"\/>\n\n        <meta name=\"xmp:CreateDate\" content=\"2025-04-06T13:35:37Z\"\/>\n\n        <meta name=\"Content-Length\" content=\"60819\"\/>\n\n        <meta name=\"pdf:hasMarkedContent\" content=\"true\"\/>\n\n        <meta name=\"Content-Type\" content=\"application\/pdf\"\/>\n\n        <meta name=\"xmp:ModifyDate\" content=\"2025-04-06T13:35:37Z\"\/>\n\n        <meta name=\"pdf:docinfo:creator\" content=\"Eloi\"\/>\n\n        <meta name=\"dc:language\" content=\"pt\"\/>\n\n        <meta name=\"pdf:producer\" content=\"Microsoft&reg; Word 2019\"\/>\n\n        <meta name=\"access_permission:extract_for_accessibility\" content=\"true\"\/>\n\n        <meta name=\"access_permission:assemble_document\" content=\"true\"\/>\n\n        <meta name=\"xmpTPg:NPages\" content=\"1\"\/>\n\n        <meta name=\"pdf:hasXMP\" content=\"true\"\/>\n\n        <meta name=\"access_permission:extract_content\" content=\"true\"\/>\n\n        <meta name=\"access_permission:can_print\" content=\"true\"\/>\n\n        <meta name=\"X-TIKA:Parsed-By\" content=\"org.apache.tika.parser.CompositeParser\"\/>\n\n        <meta name=\"X-TIKA:Parsed-By\" content=\"org.apache.tika.parser.pdf.PDFParser\"\/>\n\n        <meta name=\"access_permission:can_modify\" content=\"true\"\/>\n\n        <meta name=\"pdf:docinfo:producer\" content=\"Microsoft&reg; Word 2019\"\/>\n\n        <meta name=\"pdf:docinfo:created\" content=\"2025-04-06T16:35:37Z\"\/>\n\n        <title>Of&iacute;cio GP n&ordm; 021\/2009<\/title>\n\n    <\/head>\n\n    <body>\n        <body>\n            <p>EDITAL N. 020\/2025 <\/p>\n\n            <p>ERRATA AO EDITAL n. 019\/2025 <\/p>\n\n            <p> <\/p>\n\n            <p>EDER PICOLI, Prefeito Municipal de Caibi, no uso de suas atribui&ccedil;&otilde;es legais, TORNA P&Uacute;BLICA a presente ERRATA ao Edital n. 019\/2025 de Escolha de Vagas, nos seguintes termos: <\/p>\n\n            <p> <\/p>\n\n            <p>Art. 1&deg;. O item &ldquo;1.&rdquo; do Edital n. 019\/2025 passa a vigorar com a seguinte reda&ccedil;&atilde;o: <\/p>\n\n            <p> <\/p>\n\n            <p>1. VAGAS <\/p>\n\n            <p> <\/p>\n\n            <table>\n                <thead>\n                    <tr>\t\n                        <th>\n                            <p>N&deg; ITEM <\/p>\n\n                        <\/th>\t\n                        <th>\n                            <p>CARGO <\/p>\n\n                        <\/th>\t\n                        <th>\n                            <p>N&deg; VAGAS <\/p>\n\n                        <\/th>\t\n                        <th>\n                            <p>TURNO(S) <\/p>\n\n                        <\/th>\t\n                        <th>\n                            <p>PER&Iacute;DO DE CONTRATA&Ccedil;&Atilde;O <\/p>\n\n                        <\/th>\n                    <\/tr>\n\n                <\/thead>\n                <tbody>\n                    <tr>\t\n                        <th>\n                            <p>01 <\/p>\n\n                        <\/th>\t\n                        <td>\n                            <p>Agente Educativo <\/p>\n\n                        <\/td>\t\n                        <td>\n                            <p>01 <\/p>\n\n                        <\/td>\t\n                        <td>\n                            <p>Matutino <\/p>\n\n                        <\/td>\t\n                        <td>\n                            <p>In&iacute;cio imediato, at&eacute; 19\/09\/2025 <\/p>\n\n                        <\/td>\n                    <\/tr>\n\n                <\/tbody>\n            <\/table>\n\n            <p> <\/p>\n\n            <p> <\/p>\n\n            <p>Art. 2&deg;. Esta ERRATA entra em vigor na data de sua publica&ccedil;&atilde;o. <\/p>\n\n            <p> <\/p>\n\n            <p>Caibi\/SC, 06 de abril de 2025. <\/p>\n\n            <p> <\/p>\n\n            <p> <\/p>\n\n            <p>EDER PICOLI <\/p>\n\n            <p>Prefeito Municipal <\/p>\n\n        <\/body>\n        <p> \n \nESTADO DE SANTA CATARINA MUNIC&Iacute;PIO DE CAIBI \n\n<\/p>\n\n        <p>1.1.<\/p>\n\n        <p> O presente Edital destina-se &agrave; de ESCOLHA DE VAGAS para o(s) seguinte(s) cargo(s): <\/p>\n\n        <div class=\"page\">\n            <p\/>\n\n        <\/div>\n\n    <\/body>\n<\/html>\n","url":"https:\/\/www.diariomunicipal.sc.gov.br\/arquivosbd\/atos\/2025\/04\/1743957371_edital_020.2025__errata_ao_edital_019.2025_extrato.pdf"},{"codigo":"7126037","titulo":"RESOLU\u00c7\u00c3O N\u00ba 015\/2025 - CONCEDE F\u00c9RIAS A EMPREGADOS QUE ESPECIFICA","data":"2025-04-06 14:07:48","cod_registro_info_sfinge":null,"municipio":"Turvo","entidade":"CIASS - Consorcio Intermunicipal de Assistencia Social e Saude de Turvo e Municpios Limitrofes","categoria":"Resolu\u00e7\u00f5es","link":"https:\/\/www.diariomunicipal.sc.gov.br\/?q=id:7126037","texto":"<html xmlns=\"http:\/\/www.w3.org\/1999\/xhtml\">\n\n    <head>\n\n        <meta name=\"pdf:PDFVersion\" content=\"1.7\"\/>\n\n        <meta name=\"xmp:CreatorTool\" content=\"Microsoft&reg; Word para Microsoft 365\"\/>\n\n        <meta name=\"pdf:hasXFA\" content=\"false\"\/>\n\n        <meta name=\"access_permission:modify_annotations\" content=\"true\"\/>\n\n        <meta name=\"access_permission:can_print_degraded\" content=\"true\"\/>\n\n        <meta name=\"dc:creator\" content=\"Margere Rosa de Oliveira\"\/>\n\n        <meta name=\"dcterms:created\" content=\"2025-04-06T17:03:27Z\"\/>\n\n        <meta name=\"dcterms:modified\" content=\"2025-04-06T17:06:01Z\"\/>\n\n        <meta name=\"dc:format\" content=\"application\/pdf; version=1.7\"\/>\n\n        <meta name=\"xmpMM:DocumentID\" content=\"uuid:9C3CDE78-2ADE-47E7-8E43-284FB2D7E2F1\"\/>\n\n        <meta name=\"pdf:docinfo:creator_tool\" content=\"Microsoft&reg; Word para Microsoft 365\"\/>\n\n        <meta name=\"access_permission:fill_in_form\" content=\"true\"\/>\n\n        <meta name=\"pdf:docinfo:modified\" content=\"2025-04-06T17:06:01Z\"\/>\n\n        <meta name=\"pdf:hasCollection\" content=\"false\"\/>\n\n        <meta name=\"pdf:encrypted\" content=\"false\"\/>\n\n        <meta name=\"xmp:CreateDate\" content=\"2025-04-06T14:03:27Z\"\/>\n\n        <meta name=\"Content-Length\" content=\"168217\"\/>\n\n        <meta name=\"pdf:hasMarkedContent\" content=\"true\"\/>\n\n        <meta name=\"Content-Type\" content=\"application\/pdf\"\/>\n\n        <meta name=\"xmp:ModifyDate\" content=\"2025-04-06T14:06:01Z\"\/>\n\n        <meta name=\"pdf:docinfo:creator\" content=\"Margere Rosa de Oliveira\"\/>\n\n        <meta name=\"xmp:MetadataDate\" content=\"2025-04-06T14:06:01Z\"\/>\n\n        <meta name=\"dc:language\" content=\"pt\"\/>\n\n        <meta name=\"pdf:producer\" content=\"Microsoft&reg; Word para Microsoft 365\"\/>\n\n        <meta name=\"access_permission:extract_for_accessibility\" content=\"true\"\/>\n\n        <meta name=\"access_permission:assemble_document\" content=\"true\"\/>\n\n        <meta name=\"xmpTPg:NPages\" content=\"1\"\/>\n\n        <meta name=\"pdf:hasAcroFormFields\" content=\"true\"\/>\n\n        <meta name=\"pdf:hasXMP\" content=\"true\"\/>\n\n        <meta name=\"signature:filter\" content=\"Adobe.PPKLite\"\/>\n\n        <meta name=\"access_permission:extract_content\" content=\"true\"\/>\n\n        <meta name=\"signature:name\" content=\"CLELIO DANIEL OLIVO:41506510949\"\/>\n\n        <meta name=\"signature:date\" content=\"2025-04-06T17:06:01Z\"\/>\n\n        <meta name=\"access_permission:can_print\" content=\"true\"\/>\n\n        <meta name=\"X-TIKA:Parsed-By\" content=\"org.apache.tika.parser.CompositeParser\"\/>\n\n        <meta name=\"X-TIKA:Parsed-By\" content=\"org.apache.tika.parser.pdf.PDFParser\"\/>\n\n        <meta name=\"access_permission:can_modify\" content=\"true\"\/>\n\n        <meta name=\"pdf:docinfo:producer\" content=\"Microsoft&reg; Word para Microsoft 365\"\/>\n\n        <meta name=\"pdf:docinfo:created\" content=\"2025-04-06T17:03:27Z\"\/>\n\n        <meta name=\"hasSignature\" content=\"true\"\/>\n\n        <title>&#0;<\/title>\n\n    <\/head>\n\n    <body>\n        <body>\n            <p>RESOLU&Ccedil;&Atilde;O N&ordm; 15, de 06 de abril de 2025. <\/p>\n\n            <p>CONCEDE F&Eacute;RIAS A EMPREGADOS QUE ESPEC&Iacute;FICA. <\/p>\n\n            <p>CL&Eacute;LIO DANIEL OLIVO, Presidente do CIASS, no uso de suas atribui&ccedil;&otilde;es legais que lhe confere o art. 25, inciso IX, do Estatuto do Cons&oacute;rcio, e em conformidade com o art. 129 da CLT <\/p>\n\n            <p>RESOLVE: <\/p>\n\n            <p>Art. 1&ordm;. Conceder f&eacute;rias aos seguintes empregados p&uacute;blicos do CIASS nos per&iacute;odos abaixo: <\/p>\n\n            <table>\n                <thead>\n                    <tr>\t\n                        <th>\n                            <p>EMPREGADO <\/p>\n\n                        <\/th>\t\n                        <th>\n                            <p>PER&Iacute;ODO AQUISITIVO <\/p>\n\n                        <\/th>\t\n                        <th>\n                            <p>PER&Iacute;ODO DE GOZO <\/p>\n\n                        <\/th>\n                    <\/tr>\n\n                <\/thead>\n                <tbody>\n                    <tr>\t\n                        <th>\n                            <p>Maria das Gra&ccedil;as Della Vechia <\/p>\n\n                        <\/th>\t\n                        <td>\n                            <p>08\/02\/2023 a 07\/02\/2024 <\/p>\n\n                        <\/td>\t\n                        <td>\n                            <p>10\/04\/2025 a 09\/05\/2025 <\/p>\n\n                        <\/td>\n                    <\/tr>\n\n                    <tr>\t\n                        <th>\n                            <p>Silvoneia Mota da Cunha <\/p>\n\n                        <\/th>\t\n                        <td>\n                            <p>03\/05\/2023 a 02\/04\/2024 <\/p>\n\n                        <\/td>\t\n                        <td>\n                            <p>12\/05\/2025 a 10\/06\/2025 <\/p>\n\n                        <\/td>\n                    <\/tr>\n\n                    <tr>\t\n                        <th>\n                            <p>Heloneida da Silva Batalha <\/p>\n\n                        <\/th>\t\n                        <td>\n                            <p>04\/08\/2023 a 03\/08\/2024 <\/p>\n\n                        <\/td>\t\n                        <td>\n                            <p>11\/06\/2025 a 10\/07\/2025 <\/p>\n\n                        <\/td>\n                    <\/tr>\n\n                    <tr>\t\n                        <th>\n                            <p>Maria das Gra&ccedil;as Della Vechia <\/p>\n\n                        <\/th>\t\n                        <td>\n                            <p>08\/02\/2024 a 07\/02\/2025 <\/p>\n\n                        <\/td>\t\n                        <td>\n                            <p>14\/07\/2025 a 12\/08\/2025 <\/p>\n\n                        <\/td>\n                    <\/tr>\n\n                    <tr>\t\n                        <th>\n                            <p>Lorena Meister Ribeiro <\/p>\n\n                        <\/th>\t\n                        <td>\n                            <p>10\/05\/2023 a 09\/05\/2024 <\/p>\n\n                        <\/td>\t\n                        <td>\n                            <p>14\/07\/2025 a 02\/08\/2025 <\/p>\n\n                        <\/td>\n                    <\/tr>\n\n                <\/tbody>\n            <\/table>\n\n            <p> <\/p>\n\n            <p>Art. 2&ordm;. Esta Resolu&ccedil;&atilde;o entra em vigor na data de sua publica&ccedil;&atilde;o, revogando-se as disposi&ccedil;&otilde;es em contr&aacute;rio. <\/p>\n\n            <p> <\/p>\n\n            <p>Turvo - SC, 06 de abril de 2025. <\/p>\n\n            <p> <\/p>\n\n            <p> <\/p>\n\n            <p>CL&Eacute;LIO DANIEL OLIVO <\/p>\n\n            <h2>Presidente do CIASS <\/h2>\n\n            <p> <\/p>\n\n        <\/body>\n        <p> \n\n\n\n\n\n\n<\/p>\n\n        <div class=\"page\">\n            <p\/>\n\n        <\/div>\n\n    <\/body>\n<\/html>\n","url":"https:\/\/www.diariomunicipal.sc.gov.br\/arquivosbd\/atos\/2025\/04\/1743959262_resolucao_015.2025__escalaferias_extrato.pdf"},{"codigo":"7126038","titulo":"TERMO DE HOMOLOGA\u00c7\u00c3O E ADJUDICA\u00c7\u00c3O - PROC. ADM. 07\/2025 - DISPENSA F\u00cdSICA N. 02\/2025","data":"2025-04-06 15:04:14","cod_registro_info_sfinge":null,"municipio":"Turvo","entidade":"CIASS - Consorcio Intermunicipal de Assistencia Social e Saude de Turvo e Municpios Limitrofes","categoria":"Licita\u00e7\u00f5es","link":"https:\/\/www.diariomunicipal.sc.gov.br\/?q=id:7126038","texto":"<html xmlns=\"http:\/\/www.w3.org\/1999\/xhtml\">\n\n    <head>\n\n        <meta name=\"pdf:PDFVersion\" content=\"1.6\"\/>\n\n        <meta name=\"xmp:CreatorTool\" content=\"Compras\"\/>\n\n        <meta name=\"pdf:docinfo:title\" content=\"Termo de Homologa&ccedil;&atilde;o e Adjudica&ccedil;&atilde;o (unificado)\"\/>\n\n        <meta name=\"pdf:hasXFA\" content=\"false\"\/>\n\n        <meta name=\"access_permission:modify_annotations\" content=\"true\"\/>\n\n        <meta name=\"access_permission:can_print_degraded\" content=\"true\"\/>\n\n        <meta name=\"dc:creator\" content=\"CIASS  CONSORCIO INTER DE ASS SOCIAL E SAUDE - Pedro Henrique Rovaris De Souza\"\/>\n\n        <meta name=\"dcterms:created\" content=\"2025-04-06T18:01:44Z\"\/>\n\n        <meta name=\"dcterms:modified\" content=\"2025-04-06T18:02:32Z\"\/>\n\n        <meta name=\"dc:format\" content=\"application\/pdf; version=1.6\"\/>\n\n        <meta name=\"xmpMM:DocumentID\" content=\"uuid:7a019494-9f2e-4d1e-8210-aaf55c265003\"\/>\n\n        <meta name=\"pdf:docinfo:creator_tool\" content=\"Compras\"\/>\n\n        <meta name=\"access_permission:fill_in_form\" content=\"true\"\/>\n\n        <meta name=\"pdf:docinfo:modified\" content=\"2025-04-06T18:02:32Z\"\/>\n\n        <meta name=\"pdf:hasCollection\" content=\"false\"\/>\n\n        <meta name=\"pdf:encrypted\" content=\"false\"\/>\n\n        <meta name=\"dc:title\" content=\"Termo de Homologa&ccedil;&atilde;o e Adjudica&ccedil;&atilde;o (unificado)\"\/>\n\n        <meta name=\"xmp:CreateDate\" content=\"2025-04-06T15:01:44Z\"\/>\n\n        <meta name=\"Content-Length\" content=\"242692\"\/>\n\n        <meta name=\"pdf:hasMarkedContent\" content=\"false\"\/>\n\n        <meta name=\"Content-Type\" content=\"application\/pdf\"\/>\n\n        <meta name=\"xmp:ModifyDate\" content=\"2025-04-06T15:02:32Z\"\/>\n\n        <meta name=\"pdf:docinfo:creator\" content=\"CIASS  CONSORCIO INTER DE ASS SOCIAL E SAUDE - Pedro Henrique Rovaris De Souza\"\/>\n\n        <meta name=\"xmp:MetadataDate\" content=\"2025-04-06T15:02:32Z\"\/>\n\n        <meta name=\"pdf:producer\" content=\"iText 2.1.7 by 1T3XT\"\/>\n\n        <meta name=\"access_permission:extract_for_accessibility\" content=\"true\"\/>\n\n        <meta name=\"access_permission:assemble_document\" content=\"true\"\/>\n\n        <meta name=\"xmpTPg:NPages\" content=\"1\"\/>\n\n        <meta name=\"pdf:hasAcroFormFields\" content=\"true\"\/>\n\n        <meta name=\"pdf:hasXMP\" content=\"true\"\/>\n\n        <meta name=\"signature:filter\" content=\"Adobe.PPKLite\"\/>\n\n        <meta name=\"access_permission:extract_content\" content=\"true\"\/>\n\n        <meta name=\"signature:name\" content=\"CLELIO DANIEL OLIVO:41506510949\"\/>\n\n        <meta name=\"signature:date\" content=\"2025-04-06T18:02:32Z\"\/>\n\n        <meta name=\"access_permission:can_print\" content=\"true\"\/>\n\n        <meta name=\"X-TIKA:Parsed-By\" content=\"org.apache.tika.parser.CompositeParser\"\/>\n\n        <meta name=\"X-TIKA:Parsed-By\" content=\"org.apache.tika.parser.pdf.PDFParser\"\/>\n\n        <meta name=\"access_permission:can_modify\" content=\"true\"\/>\n\n        <meta name=\"pdf:docinfo:producer\" content=\"iText 2.1.7 by 1T3XT\"\/>\n\n        <meta name=\"pdf:docinfo:created\" content=\"2025-04-06T18:01:44Z\"\/>\n\n        <meta name=\"hasSignature\" content=\"true\"\/>\n\n        <title>Termo de Homologa&ccedil;&atilde;o e Adjudica&ccedil;&atilde;o (unificado)<\/title>\n\n    <\/head>\n\n    <body>\n        <div class=\"page\">\n            <p\/>\n\n            <p>P&aacute;gina: 1 \/ 1\n<\/p>\n\n            <p>Nr.:   7\/2025\n<\/p>\n\n            <p>   Processo Adm.:\n<\/p>\n\n            <p>   Data do Processo:\n<\/p>\n\n            <p>DISPENSA DE LICITA&Ccedil;&Atilde;O\n<\/p>\n\n            <p>7\/2025\n<\/p>\n\n            <p>01\/04\/2025\n<\/p>\n\n            <p>E-mail: ciassturvo@gmail.com  Site:\n<\/p>\n\n            <p>ESTADO DE SANTA CATARINA\nCIASS  CONSORCIO INTER DE ASS SOCIAL E SAUDE\nRua Frei Greg&oacute;rio Dal Mont, 806 - Centro - Turvo\nCEP: 88930-000 CNPJ: 21.938.445\/0001-97 Telefone: (48) 3525-3117\n<\/p>\n\n            <p>c) Modalidade:\n<\/p>\n\n            <p>O(a) respons&aacute;vel desta entidade, no uso das atribui&ccedil;&otilde;es que lhe s&atilde;o conferidas pela legisla&ccedil;&atilde;o em vigor,\nespecialmente  pela  lei  14.133\/2021,  Art.  75,  II  e  altera&ccedil;&otilde;es  posteriores,  a  vista  do  parecer  conclusivo  exarado\npela Comiss&atilde;o de Licita&ccedil;&otilde;es, resolve:\n<\/p>\n\n            <p>e) Objeto da Licita&ccedil;&atilde;o:\n<\/p>\n\n            <p>a) Nr. Processo:\nb) Nr. Licita&ccedil;&atilde;o:\n<\/p>\n\n            <p>d) Data de Homologa&ccedil;&atilde;o:\n<\/p>\n\n            <p>TERMO DE HOMOLOGA&Ccedil;&Atilde;O E ADJUDICA&Ccedil;&Atilde;O DE PROCESSO LICITAT&Oacute;RIO\n<\/p>\n\n            <p>01 - Homologar e Adjudicar a presente Licita&ccedil;&atilde;o nestes termos:\n<\/p>\n\n            <p>06\/04\/2025\nDispensa de licita&ccedil;&atilde;o\n7\/2025 - DL\n7\/2025\n<\/p>\n\n            <p>Contrata&ccedil;&atilde;o de empresa para presta&ccedil;&atilde;o de servi&ccedil;os t&eacute;cnicos de manuten&ccedil;&atilde;o\npreventiva e corretiva em equipamentos de inform&aacute;tica (computadores, notebooks,\nimpressoras e perif&eacute;ricos), em &aacute;rea de rede e hardware, nos equipamentos do CIASS,\nde acordo com as especifica&ccedil;&otilde;es e quantitativos constantes no Termo de Refer&ecirc;ncia e\ndemais anexos a este Aviso.\n<\/p>\n\n            <p>Participante: SP INFORMATICA LTDA\n<\/p>\n\n            <p>Item Especifica&ccedil;&atilde;o Qtd. Unidade Valor Unit&aacute;rio Valor Total\n1 Presta&ccedil;&atilde;o de servi&ccedil;os t&eacute;cnicos de manuten&ccedil;&atilde;o preventiva e\n<\/p>\n\n            <p>corretiva em equipamentos de inform&aacute;tica (computadores,\nnotebooks, impressoras e perif&eacute;ricos), em &aacute;rea de rede e hardware,\nnos equipamentos do CIASS, de acordo com as especifica&ccedil;&otilde;es e\nquantitativos constantes no Termo de Refer&ecirc;ncia e demais anexos a\neste Aviso. - Presta&ccedil;&atilde;o de servi&ccedil;os t&eacute;cnicos de manuten&ccedil;&atilde;o\npreventiva e corretiva em equipamentos de inform&aacute;tica\n(computadores, notebooks, impressoras e perif&eacute;ricos), em &aacute;rea de\nrede e hardware, nos equipamentos do CIASS, de acordo com as\nespecifica&ccedil;&otilde;es e quantitativos constantes no Termo de Refer&ecirc;ncia e\ndemais anexos a este Aviso.\n<\/p>\n\n            <p>96,000 HR 170,00 16.320,00\n<\/p>\n\n            <p>Total do Participante: 16.320,00\n<\/p>\n\n            <p>Total Geral: 16.320,00\n<\/p>\n\n            <p>MANUTENCAO DO CIASS DE TURVO E MUNICIPIOS\nLIMITROF\n<\/p>\n\n            <p>01.001.08.243.0001.2001.3.3.90.00.00 R$ 32.000,64\n<\/p>\n\n            <p>Dota&ccedil;&atilde;oDescri&ccedil;&atilde;o da Despesa Valor Estimado\n<\/p>\n\n            <p>02 - Autorizar a emiss&atilde;o da(s) nota(s) de empenho correspondente(s):\n<\/p>\n\n            <p>Assinatura do Respons&aacute;vel\n<\/p>\n\n            <p>06\/04\/2025Turvo,\n<\/p>\n\n            <p>CLELIO DANIEL OLIVO\n<\/p>\n\n            <p>PREFEITO\n<\/p>\n\n            <p>Sistema: Compras -  Usu&aacute;rio: ADVOGADOPEDRO. Emiss&atilde;o: 06\/04\/2025, &agrave;s 15:01:44. Protocolo: 4a1b8fbb-5b81-42ae-9249-6d34a6c69b4a<\/p>\n\n            <p\/>\n\n        <\/div>\n\n    <\/body>\n<\/html>\n","url":"https:\/\/www.diariomunicipal.sc.gov.br\/arquivosbd\/atos\/2025\/04\/1743962646_11_termo_de_homologao_e_adjudicao_unificado_extrato.pdf"}]}