{"autopublicacoes":[{"codigo":"7125889","titulo":"DECRETO N\u00b0 206\/2025 - DE 05 DE ABRIL DE 2025","data":"2025-04-05 16:11:16","cod_registro_info_sfinge":null,"municipio":"Quilombo","entidade":"Prefeitura municipal de Quilombo","categoria":"Decretos","link":"https:\/\/www.diariomunicipal.sc.gov.br\/?q=id:7125889","texto":"<html xmlns=\"http:\/\/www.w3.org\/1999\/xhtml\">\n\n    <head>\n\n        <meta name=\"pdf:PDFVersion\" content=\"1.7\"\/>\n\n        <meta name=\"xmp:CreatorTool\" content=\"Microsoft&reg; Word LTSC\"\/>\n\n        <meta name=\"pdf:docinfo:title\" content=\"Of&iacute;cio n&deg;\"\/>\n\n        <meta name=\"pdf:hasXFA\" content=\"false\"\/>\n\n        <meta name=\"access_permission:modify_annotations\" content=\"true\"\/>\n\n        <meta name=\"access_permission:can_print_degraded\" content=\"true\"\/>\n\n        <meta name=\"dc:creator\" content=\"SABER Info.\"\/>\n\n        <meta name=\"dcterms:created\" content=\"2025-04-05T19:06:14Z\"\/>\n\n        <meta name=\"dcterms:modified\" content=\"2025-04-05T19:06:33Z\"\/>\n\n        <meta name=\"dc:format\" content=\"application\/pdf; version=1.7\"\/>\n\n        <meta name=\"xmpMM:DocumentID\" content=\"uuid:2BCCD345-1FC2-44F3-A214-7BD08DF857C4\"\/>\n\n        <meta name=\"pdf:docinfo:creator_tool\" content=\"Microsoft&reg; Word LTSC\"\/>\n\n        <meta name=\"access_permission:fill_in_form\" content=\"true\"\/>\n\n        <meta name=\"pdf:docinfo:modified\" content=\"2025-04-05T19:06:33Z\"\/>\n\n        <meta name=\"pdf:hasCollection\" content=\"false\"\/>\n\n        <meta name=\"pdf:encrypted\" content=\"false\"\/>\n\n        <meta name=\"dc:title\" content=\"Of&iacute;cio n&deg;\"\/>\n\n        <meta name=\"xmp:CreateDate\" content=\"2025-04-05T16:06:14Z\"\/>\n\n        <meta name=\"Content-Length\" content=\"291849\"\/>\n\n        <meta name=\"pdf:hasMarkedContent\" content=\"true\"\/>\n\n        <meta name=\"Content-Type\" content=\"application\/pdf\"\/>\n\n        <meta name=\"xmp:ModifyDate\" content=\"2025-04-05T16:06:33Z\"\/>\n\n        <meta name=\"pdf:docinfo:creator\" content=\"SABER Info.\"\/>\n\n        <meta name=\"xmp:MetadataDate\" content=\"2025-04-05T16:06:33Z\"\/>\n\n        <meta name=\"dc:language\" content=\"pt\"\/>\n\n        <meta name=\"pdf:producer\" content=\"Microsoft&reg; Word LTSC\"\/>\n\n        <meta name=\"access_permission:extract_for_accessibility\" content=\"true\"\/>\n\n        <meta name=\"access_permission:assemble_document\" content=\"true\"\/>\n\n        <meta name=\"xmpTPg:NPages\" content=\"1\"\/>\n\n        <meta name=\"pdf:hasAcroFormFields\" content=\"true\"\/>\n\n        <meta name=\"pdf:hasXMP\" content=\"true\"\/>\n\n        <meta name=\"signature:filter\" content=\"Adobe.PPKLite\"\/>\n\n        <meta name=\"access_permission:extract_content\" content=\"true\"\/>\n\n        <meta name=\"signature:name\" content=\"JAKSOM NATAL CASTELLI:79996442934\"\/>\n\n        <meta name=\"signature:date\" content=\"2025-04-05T19:06:33Z\"\/>\n\n        <meta name=\"access_permission:can_print\" content=\"true\"\/>\n\n        <meta name=\"X-TIKA:Parsed-By\" content=\"org.apache.tika.parser.CompositeParser\"\/>\n\n        <meta name=\"X-TIKA:Parsed-By\" content=\"org.apache.tika.parser.pdf.PDFParser\"\/>\n\n        <meta name=\"access_permission:can_modify\" content=\"true\"\/>\n\n        <meta name=\"pdf:docinfo:producer\" content=\"Microsoft&reg; Word LTSC\"\/>\n\n        <meta name=\"pdf:docinfo:created\" content=\"2025-04-05T19:06:14Z\"\/>\n\n        <meta name=\"hasSignature\" content=\"true\"\/>\n\n        <title>Of&iacute;cio n&deg;<\/title>\n\n    <\/head>\n\n    <body>\n        <body>\n            <p>DECRETO N&deg; 206\/2025 &ndash; DE 05 DE ABRIL DE 2025. <\/p>\n\n            <p> <\/p>\n\n            <p> <\/p>\n\n            <p>DECLARA LUTO OFICIAL EM QUILOMBO\/SC, EM DECORR&Ecirc;NCIA DO FALECIMENTO DO EX-SERVIDOR P&Uacute;BLICO MUNICIPAL H&Eacute;LIO BIAZIO SILVESTRI, E D&Aacute; OUTRAS PROVID&Ecirc;NCIAS. <\/p>\n\n            <p> <\/p>\n\n            <p> <\/p>\n\n            <p>O Prefeito Municipal de Quilombo, Estado de Santa Catarina, no uso de suas atribui&ccedil;&otilde;es que lhe confere o Inciso IX do Art. 65 da Lei Org&acirc;nica Municipal; <\/p>\n\n            <p> <\/p>\n\n            <p>Considerando o falecimento do Senhor H&eacute;lio Biazio Silvestri, ex-Servidor P&uacute;blico Municipal, que exerceu a atividade de Assessor de Secretaria no Munic&iacute;pio de Quilombo no per&iacute;odo de 22 de novembro de 2019 at&eacute; 31 de dezembro de 2020; <\/p>\n\n            <p> <\/p>\n\n            <p>Considerando os preciosos trabalhos dedicados &agrave; comunidade quilombense como cidad&atilde;o, como Policial Militar do Estado de Santa Catarina e como Assessor de Secretaria do Munic&iacute;pio de Quilombo; <\/p>\n\n            <p> <\/p>\n\n            <p>Considerando o consternamento geral da comunidade quilombense e o sentimento de solidariedade, dor e saudade que emerge pela perda do cidad&atilde;o e colega dedicado; <\/p>\n\n            <p> <\/p>\n\n            <p>Considerando que &eacute; dever do Poder P&uacute;blico quilombense render justas homenagens &agrave;queles que com o seu trabalho, seu exemplo e sua dedica&ccedil;&atilde;o, contribu&iacute;ram para o bem-estar da Coletividade. <\/p>\n\n            <p> <\/p>\n\n            <p> <\/p>\n\n            <p> DECRETA: <\/p>\n\n            <p> <\/p>\n\n            <p> <\/p>\n\n            <p>Art. 1&ordm; Luto Oficial no Munic&iacute;pio de Quilombo\/SC, por 03 (tr&ecirc;s) dias contados a partir de 05 de abril de 2025, pelo falecimento do ex-Servidor P&uacute;blico Municipal, Senhor H&eacute;lio Biazio Silvestri, que, em vida, prestou inestim&aacute;veis servi&ccedil;os ao munic&iacute;pio. <\/p>\n\n            <p> <\/p>\n\n            <p>Art. 2&ordm; Este decreto entra em vigor na data de sua publica&ccedil;&atilde;o. <\/p>\n\n            <p\/>\n\n            <p\/>\n\n            <p>Gabinete do Executivo Municipal, em05 de abril de 2025. <\/p>\n\n            <p> <\/p>\n\n            <p> <\/p>\n\n            <p> <\/p>\n\n            <p>JAKSOM NATAL CASTELLI <\/p>\n\n            <p>Prefeito Municipal <\/p>\n\n            <p> <\/p>\n\n            <h1>Registrado e Publicado<\/h1>\n\n            <h1>Em 05\/04\/2025<\/h1>\n\n            <p>Lei Municipal n&ordm; 1087\/1993<\/p>\n\n            <p\/>\n\n            <p>Servidor Designado<\/p>\n\n        <\/body>\n        <p> \n  <\/p>\n\n        <div class=\"page\">\n            <p\/>\n\n        <\/div>\n\n    <\/body>\n<\/html>\n","url":"https:\/\/www.diariomunicipal.sc.gov.br\/arquivosbd\/atos\/2025\/04\/1743880275_decassinado009563_extrato.pdf"}],"edicoes_ordinarias_exclusivas":[null]}